Message Time (ms),Map Position X (m),Map Position Y (m),Body Twist Longitudinal (mps)
100.00000200000001,258.1199951171875,125.0,0.0
200.00000300000002,258.1197814941406,125.0008773803711,-0.003845858184573602
300.000005,258.1196594238281,125.0013656616211,-5.285030717165206e-05
400.00000600000004,258.11962890625,125.00088500976562,0.000719602942402545
500.000008,258.1196594238281,125.00041961669922,0.0005392073181920558
600.000009,258.11968994140625,125.00017547607422,0.0002797707002377476
700.000011,258.11968994140625,125.00003814697266,0.00011909367037618952
800.0000120000001,258.1196594238281,124.99998474121094,4.255358451357553e-05
900.000014,258.1196594238281,124.99998474121094,0.0
1000.000015,258.1196594238281,124.99998474121094,0.0
1100.0000169999998,258.1196594238281,124.99998474121094,0.0
1200.000018,258.1196594238281,124.99998474121094,0.0
1300.00002,258.1196594238281,124.99998474121094,0.0
1400.0000209999998,258.1196594238281,124.99998474121094,0.0
1500.000023,258.1196594238281,124.99998474121094,0.0
1600.000024,258.1196594238281,124.99998474121094,0.0
1700.0000260000002,258.1196594238281,124.99998474121094,0.0
1800.0000269999998,258.1196594238281,124.99998474121094,0.0
1900.000029,258.1196594238281,124.99998474121094,0.0
2000.00003,258.1196594238281,124.99998474121094,0.0
2100.000032,258.1196594238281,124.99998474121094,0.0
2200.000033,258.1196594238281,124.99998474121094,0.0
2300.000035,258.1196594238281,124.99998474121094,0.0
2400.000036,258.1196594238281,124.99998474121094,0.0
2500.000038,258.1196594238281,124.99998474121094,0.0
2600.000039,258.1196594238281,124.99998474121094,0.0
2700.0000410000002,258.1196594238281,124.99998474121094,0.0
2800.0000419999997,258.1196594238281,124.99998474121094,0.0
2900.000044,258.1196594238281,124.99998474121094,0.0
3000.0000450000002,258.1196594238281,124.99998474121094,0.0
3100.000047,258.1196594238281,124.99998474121094,0.0
3200.0000480000003,258.1196594238281,124.99998474121094,0.0
3300.00005,258.1196594238281,124.99998474121094,0.0
3400.000051,258.1196594238281,124.99998474121094,0.0
3500.0000529999998,258.1196594238281,124.99998474121094,0.0
3600.000054,258.1196594238281,124.99998474121094,0.0
3700.000055,258.1196594238281,124.99998474121094,0.0
3800.000057,258.1196594238281,124.99998474121094,0.0
3900.0000579999996,258.1196594238281,124.99998474121094,0.0
4000.00006,258.1196594238281,124.99998474121094,0.0
4100.000061000001,258.1196594238281,124.99998474121094,0.0
4200.000063,258.1196594238281,124.99998474121094,0.0
4300.000064,258.1196594238281,124.99998474121094,0.0
4400.000066,258.1196594238281,124.99998474121094,0.0
4500.000067,258.1196594238281,124.99998474121094,0.0
4600.000069,258.1196594238281,124.99998474121094,0.0
4700.00007,258.1196594238281,124.99998474121094,0.0
4800.000072,258.1196594238281,124.99998474121094,0.0
4900.000073,258.1196594238281,124.99998474121094,0.0
5000.000075,258.1196594238281,124.99998474121094,0.0
5100.000075999999,258.1196594238281,124.99998474121094,0.0
5200.000078,258.1196594238281,124.99998474121094,0.0
5300.000079,258.1196594238281,124.99998474121094,0.0
5400.000081,258.1196594238281,124.99998474121094,0.0
5500.000082,258.1196594238281,124.99998474121094,0.0
5600.000084,258.1196594238281,124.99998474121094,0.0
5700.000085,258.1196594238281,124.99998474121094,0.0
5800.000087,258.1196594238281,124.99998474121094,0.0
5900.000088,258.1196594238281,124.99998474121094,0.0
6000.0000900000005,258.1196594238281,124.99998474121094,0.0
6100.000091,258.1196594238281,124.99998474121094,0.0
6200.000093,258.1196594238281,124.99998474121094,0.0
6300.000094,258.1196594238281,124.99998474121094,0.0
6400.000096000001,258.1196594238281,124.99998474121094,0.0
6500.000097,258.1196594238281,124.99998474121094,0.0
6600.000099,258.1196594238281,124.99998474121094,0.0
6700.0001,258.1196594238281,124.99998474121094,0.0
6800.000102,258.1196594238281,124.99998474121094,0.0
6900.000103,258.1196594238281,124.99998474121094,0.0
7000.000105,258.1196594238281,124.99998474121094,0.0
7100.000106,258.1196594238281,124.99998474121094,0.0
7200.000108,258.1196594238281,124.99998474121094,0.0
7300.000109,258.1196594238281,124.99998474121094,0.0
7400.000110999999,258.1196594238281,124.99998474121094,0.0
7500.000112000001,258.1196594238281,124.99998474121094,0.0
7600.000114,258.1196594238281,124.99998474121094,0.0
7700.000115,258.1196594238281,124.99998474121094,0.0
7800.000117,258.1196594238281,124.99998474121094,0.0
7900.000118,258.1196594238281,124.99998474121094,0.0
8000.00012,258.1196594238281,124.99998474121094,0.0
8100.000121000001,258.1196594238281,124.99998474121094,0.0
8200.000123,258.1196594238281,124.99998474121094,0.0
8300.000124,258.1196594238281,124.99998474121094,0.0
8400.000126,258.1196594238281,124.99998474121094,0.0
8500.000127,258.1196594238281,124.99998474121094,0.0
8600.000129,258.1196594238281,124.99998474121094,0.0
8700.000129999999,258.1196594238281,124.99998474121094,0.0
8800.000131,258.1196594238281,124.99998474121094,0.0
8900.000133000001,258.1196594238281,124.99998474121094,0.0
9000.000134,258.1196594238281,124.99998474121094,0.0
9100.000136,258.1196594238281,124.99998474121094,0.0
9200.000136999999,258.1196594238281,124.99998474121094,0.0
9300.000139,258.1196594238281,124.99998474121094,0.0
9400.00014,258.1196594238281,124.99998474121094,0.0
9500.000141999999,258.1196594238281,124.99998474121094,0.0
9600.000143000001,258.1196594238281,124.99998474121094,0.0
9700.000145,258.1196594238281,124.99998474121094,0.0
9800.000146,258.1196594238281,124.99998474121094,0.0
9900.000148000001,258.1196594238281,124.99998474121094,0.0
10000.000149,258.1196594238281,124.99998474121094,0.0
10100.000151,258.1196594238281,124.99998474121094,0.0
10200.000151999999,258.1196594238281,124.99998474121094,0.0
10300.000154,258.1196594238281,124.99998474121094,0.0
10400.000155000002,258.1196594238281,124.99998474121094,0.0
10500.000157,258.1196594238281,124.99998474121094,0.0
10600.000158,258.1196594238281,124.99998474121094,0.0
10700.00016,258.1196594238281,124.99998474121094,0.0
10800.000161,258.1196594238281,124.99998474121094,0.0
10900.000162999999,258.1196594238281,124.99998474121094,0.0
11000.000164,258.1196594238281,124.99998474121094,0.0
11100.000166,258.1196594238281,124.99998474121094,0.0
11200.000167,258.1196594238281,124.99998474121094,0.0
11300.000169,258.1196594238281,124.99998474121094,0.0
11400.00017,258.1196594238281,124.99998474121094,0.0
11500.000172,258.1196594238281,124.99998474121094,0.0
11600.000173,258.1196594238281,124.99998474121094,0.0
11700.000175,258.1196594238281,124.99998474121094,0.0
11800.000176,258.1196594238281,124.99998474121094,0.0
11900.000177999998,258.1196594238281,124.99998474121094,0.0
12000.000179,258.1196594238281,124.99998474121094,0.0
12100.000181000001,258.1196594238281,124.99998474121094,0.0
12200.000182,258.1196594238281,124.99998474121094,0.0
12300.000184,258.1196594238281,124.99998474121094,0.0
12400.000184999999,258.1196594238281,124.99998474121094,0.0
12500.000187,258.1196594238281,124.99998474121094,0.0
12600.000188,258.1196594238281,124.99998474121094,0.0
12700.00019,258.1196594238281,124.99998474121094,0.0
12800.000191000001,258.1196594238281,124.99998474121094,0.0
12900.000193,258.1196594238281,124.99998474121094,0.0
13000.000194,258.1196594238281,124.99998474121094,0.0
13100.000195999999,258.1196594238281,124.99998474121094,0.0
13200.000197,258.1196594238281,124.99998474121094,0.0
13300.000199,258.1196594238281,124.99998474121094,0.0
13400.000199999999,258.1196594238281,124.99998474121094,0.0
13500.000202000001,258.1196594238281,124.99998474121094,0.0
13600.000203,258.1196594238281,124.99998474121094,0.0
13700.000205,258.1196594238281,124.99998474121094,0.0
13800.000206,258.1196594238281,124.99998474121094,0.0
13900.000207,258.1196594238281,124.99998474121094,0.0
14000.000209,258.1196594238281,124.99998474121094,0.0
14100.00021,258.1196594238281,124.99998474121094,0.0
14200.000212,258.1196594238281,124.99998474121094,0.0
14300.000213000001,258.1196594238281,124.99998474121094,0.0
14400.000215,258.1196594238281,124.99998474121094,0.0
14500.000216,258.1196594238281,124.99998474121094,0.0
14600.000218,258.1196594238281,124.99998474121094,0.0
14700.000219,258.1196594238281,124.99998474121094,0.0
14800.000221,258.1196594238281,124.99998474121094,0.0
14900.000221999999,258.1196594238281,124.99998474121094,0.0
15000.000224000001,258.1196594238281,124.99998474121094,0.0
15100.000225,258.1196594238281,124.99998474121094,0.0
15200.000227,258.1196594238281,124.99998474121094,0.0
15300.000228,258.1196594238281,124.99998474121094,0.0
15400.00023,258.1196594238281,124.99998474121094,0.0
15500.000231,258.1196594238281,124.99998474121094,0.0
15600.000232999999,258.1196594238281,124.99998474121094,0.0
15700.000234000001,258.1196594238281,124.99998474121094,0.0
15800.000236,258.1196594238281,124.99998474121094,0.0
15900.000237,258.1196594238281,124.99998474121094,0.0
16000.000238999999,258.1196594238281,124.99998474121094,0.0
16100.00024,258.1196594238281,124.99998474121094,0.0
16200.000242000002,258.1196594238281,124.99998474121094,0.0
16300.000242999999,258.1196594238281,124.99998474121094,0.0
16400.000245000003,258.1196594238281,124.99998474121094,0.0
16500.000246,258.1196594238281,124.99998474121094,0.0
16600.000248,258.1196594238281,124.99998474121094,0.0
16700.000248999997,258.1196594238281,124.99998474121094,0.0
16800.000251,258.1196594238281,124.99998474121094,0.0
16900.000252,258.1196594238281,124.99998474121094,0.0
17000.000254,258.1196594238281,124.99998474121094,0.0
17100.000255000003,258.1196594238281,124.99998474121094,0.0
17200.000257,258.1196594238281,124.99998474121094,0.0
17300.000258,258.1196594238281,124.99998474121094,0.0
17400.000259999997,258.1196594238281,124.99998474121094,0.0
17500.000261,258.1196594238281,124.99998474121094,0.0
17600.000262999998,258.1196594238281,124.99998474121094,0.0
17700.000264,258.1196594238281,124.99998474121094,0.0
17800.000266000003,258.1196594238281,124.99998474121094,0.0
17900.000267,258.1196594238281,124.99998474121094,0.0
18000.000269,258.1196594238281,124.99998474121094,0.0
18100.00027,258.1196594238281,124.99998474121094,0.0
18200.000272,258.1196594238281,124.99998474121094,0.0
18300.000272999998,258.1196594238281,124.99998474121094,0.0
18400.000275,258.1196594238281,124.99998474121094,0.0
18500.000276000002,258.1196594238281,124.99998474121094,0.0
18600.000278,258.1196594238281,124.99998474121094,0.0
18700.000279,258.1196594238281,124.99998474121094,0.0
18800.000281,258.1196594238281,124.99998474121094,0.0
18900.000282,258.1196594238281,124.99998474121094,0.0
19000.000282999998,258.1196594238281,124.99998474121094,0.0
19100.000285000002,258.1196594238281,124.99998474121094,0.0
19200.000286000002,258.1196594238281,124.99998474121094,0.0
19300.000288,258.1196594238281,124.99998474121094,0.0
19400.000289,258.1196594238281,124.99998474121094,0.0
19500.000291,258.1196594238281,124.99998474121094,0.0
19600.000292,258.1196594238281,124.99998474121094,0.0
19700.000293999998,258.1196594238281,124.99998474121094,0.0
19800.000295,258.1196594238281,124.99998474121094,0.0
19900.000297,258.1196594238281,124.99998474121094,0.0
20000.000298,258.1196594238281,124.99998474121094,0.0
20100.0003,258.1196594238281,124.99998474121094,0.0
20200.000301,258.1196594238281,124.99998474121094,0.0
20300.000303,258.1196594238281,124.99998474121094,0.0
20400.000303999997,258.1196594238281,124.99998474121094,0.0
20500.000306,258.1196594238281,124.99998474121094,0.0
20600.000307,258.1196594238281,124.99998474121094,0.0
20700.000309,258.1196594238281,124.99998474121094,0.0
20800.000310000003,258.1196594238281,124.99998474121094,0.0
20900.000312,258.1196594238281,124.99998474121094,0.0
21000.000313,258.1196594238281,124.99998474121094,0.0
21100.000314999997,258.1196594238281,124.99998474121094,0.0
21200.000316,258.1196594238281,124.99998474121094,0.0
21300.000318,258.1196594238281,124.99998474121094,0.0
21400.000319,258.1196594238281,124.99998474121094,0.0
21500.000321000003,258.1196594238281,124.99998474121094,0.0
21600.000322,258.1196594238281,124.99998474121094,0.0
21700.000324,258.1196594238281,124.99998474121094,0.0
21800.000325,258.1196594238281,124.99998474121094,0.0
21900.000327,258.1196594238281,124.99998474121094,0.0
22000.000328,258.1196594238281,124.99998474121094,0.0
22100.00033,258.1196594238281,124.99998474121094,0.0
22200.000331,258.1196594238281,124.99998474121094,0.0
22300.000333,258.1196594238281,124.99998474121094,0.0
22400.000334,258.1196594238281,124.99998474121094,0.0
22500.000336,258.1196594238281,124.99998474121094,0.0
22600.000337,258.1196594238281,124.99998474121094,0.0
22700.000339,258.1196594238281,124.99998474121094,0.0
22800.00034,258.1196594238281,124.99998474121094,0.0
22900.000342,258.1196594238281,124.99998474121094,0.0
23000.000343,258.1196594238281,124.99998474121094,0.0
23100.000345,258.1196594238281,124.99998474121094,0.0
23200.000346,258.1196594238281,124.99998474121094,0.0
23300.000348,258.1196594238281,124.99998474121094,0.0
23400.000348999998,258.1196594238281,124.99998474121094,0.0
23500.000351000002,258.1196594238281,124.99998474121094,0.0
23600.000352,258.1196594238281,124.99998474121094,0.0
23700.000354,258.1196594238281,124.99998474121094,0.0
23800.000355,258.1196594238281,124.99998474121094,0.0
23900.000356,258.1196594238281,124.99998474121094,0.0
24000.000358,258.1196594238281,124.99998474121094,0.0
24100.000358999998,258.1196594238281,124.99998474121094,0.0
24200.000361000002,258.1196594238281,124.99998474121094,0.0
24300.000362,258.1196594238281,124.99998474121094,0.0
24400.000364,258.1196594238281,124.99998474121094,0.0
24500.000365,258.1196594238281,124.99998474121094,0.0
24600.000367,258.1196594238281,124.99998474121094,0.0
24700.000368,258.1196594238281,124.99998474121094,0.0
24800.000369999998,258.1196594238281,124.99998474121094,0.0
24900.000371000002,258.1196594238281,124.99998474121094,0.0
25000.000373,258.1196594238281,124.99998474121094,0.0
25100.000374,258.1196594238281,124.99998474121094,0.0
25200.000376,258.1196594238281,124.99998474121094,0.0
25300.000377,258.1196594238281,124.99998474121094,0.0
25400.000379,258.1196594238281,124.99998474121094,0.0
25500.000379999998,258.1196594238281,124.99998474121094,0.0
25600.000382000002,258.1196594238281,124.99998474121094,0.0
25700.000383,258.1196594238281,124.99998474121094,0.0
25800.000385,258.1196594238281,124.99998474121094,0.0
25900.000386,258.1196594238281,124.99998474121094,0.0
26000.000388,258.1196594238281,124.99998474121094,0.0
26100.000389,258.1196594238281,124.99998474121094,0.0
26200.000391,258.1196594238281,124.99998474121094,0.0
26300.000392,258.1196594238281,124.99998474121094,0.0
26400.000394,258.1196594238281,124.99998474121094,0.0
26500.000395,258.1196594238281,124.99998474121094,0.0
26600.000397,258.1196594238281,124.99998474121094,0.0
26700.000398,258.1196594238281,124.99998474121094,0.0
26800.000399999997,258.1196594238281,124.99998474121094,0.0
26900.000401,258.1196594238281,124.99998474121094,0.0
27000.000403000002,258.1196594238281,124.99998474121094,0.0
27100.000404,258.1196594238281,124.99998474121094,0.0
27200.000406,258.1196594238281,124.99998474121094,0.0
27300.000407,258.1196594238281,124.99998474121094,0.0
27400.000409,258.1196594238281,124.99998474121094,0.0
27500.000409999997,258.1196594238281,124.99998474121094,0.0
27600.000412,258.1196594238281,124.99998474121094,0.0
27700.000413,258.1196594238281,124.99998474121094,0.0
27800.000415,258.1196594238281,124.99998474121094,0.0
27900.000416000003,258.1196594238281,124.99998474121094,0.0
28000.000418,258.1196594238281,124.99998474121094,0.0
28100.000419,258.1196594238281,124.99998474121094,0.0
28200.000420999997,258.1196594238281,124.99998474121094,0.0
28300.000422,258.1196594238281,124.99998474121094,0.0
28400.000424,258.1196594238281,124.99998474121094,0.0
28500.000425,258.1196594238281,124.99998474121094,0.0
28600.000427000003,258.1196594238281,124.99998474121094,0.0
28700.000428,258.1196594238281,124.99998474121094,0.0
28800.00043,258.1196594238281,124.99998474121094,0.0
28900.000431,258.1196594238281,124.99998474121094,0.0
29000.000432,258.1196594238281,124.99998474121094,0.0
29100.000433999998,258.1196594238281,124.99998474121094,0.0
29200.000434999998,258.1196594238281,124.99998474121094,0.0
29300.000437000002,258.1196594238281,124.99998474121094,0.0
29400.000438,258.1196594238281,124.99998474121094,0.0
29500.00044,258.1196594238281,124.99998474121094,0.0
29600.000441,258.1196594238281,124.99998474121094,0.0
29700.000443,258.1196594238281,124.99998474121094,0.0
29800.000443999998,258.1196594238281,124.99998474121094,0.0
29900.000446,258.1196594238281,124.99998474121094,0.0
30000.000447000002,258.1196594238281,124.99998474121094,0.0
30100.000449,258.1196594238281,124.99998474121094,0.0
30200.00045,258.1196594238281,124.99998474121094,0.0
30300.000452,258.1196594238281,124.99998474121094,0.0
30400.000453,258.1196594238281,124.99998474121094,0.0
30500.000454999998,258.1196594238281,124.99998474121094,0.0
30600.000456,258.1196594238281,124.99998474121094,0.0
30700.000458000002,258.1196594238281,124.99998474121094,0.0
30800.000459,258.1196594238281,124.99998474121094,0.0
30900.000461,258.1196594238281,124.99998474121094,0.0
31000.000462,258.1196594238281,124.99998474121094,0.0
31100.000464,258.1196594238281,124.99998474121094,0.0
31200.000464999997,258.1196594238281,124.99998474121094,0.0
31300.000467,258.1196594238281,124.99998474121094,0.0
31400.000468000002,258.1196594238281,124.99998474121094,0.0
31500.00047,258.1196594238281,124.99998474121094,0.0
31600.000471000003,258.1196594238281,124.99998474121094,0.0
31700.000473,258.1196594238281,124.99998474121094,0.0
31800.000474,258.1196594238281,124.99998474121094,0.0
31900.000475999997,258.1196594238281,124.99998474121094,0.0
32000.000477,258.1196594238281,124.99998474121094,0.0
32100.000479000002,258.1196594238281,124.99998474121094,0.0
32200.00048,258.1196594238281,124.99998474121094,0.0
32300.000482000003,258.1196594238281,124.99998474121094,0.0
32400.000483,258.1196594238281,124.99998474121094,0.0
32500.000485,258.1196594238281,124.99998474121094,0.0
32600.000485999997,258.1196594238281,124.99998474121094,0.0
32700.000488,258.1196594238281,124.99998474121094,0.0
32800.000489,258.1196594238281,124.99998474121094,0.0
32900.000491,258.1196594238281,124.99998474121094,0.0
33000.000492,258.1196594238281,124.99998474121094,0.0
33100.000494,258.1196594238281,124.99998474121094,0.0
33200.000495,258.1196594238281,124.99998474121094,0.0
33300.000497,258.1196594238281,124.99998474121094,0.0
33400.000497999994,258.1196594238281,124.99998474121094,0.0
33500.0005,258.1196594238281,124.99998474121094,0.0
33600.000500999995,258.1196594238281,124.99998474121094,0.0
33700.000502999996,258.1196594238281,124.99998474121094,0.0
33800.000504,258.1196594238281,124.99998474121094,0.0
33900.000506,258.1196594238281,124.99998474121094,0.0
34000.000507000004,258.1196594238281,124.99998474121094,0.0
34100.000508,258.1196594238281,124.99998474121094,0.0
34200.000510000005,258.1196594238281,124.99998474121094,0.0
34300.000511,258.1196594238281,124.99998474121094,0.0
34400.000513,258.1196594238281,124.99998474121094,0.0
34500.000514,258.1196594238281,124.99998474121094,0.0
34600.000516,258.1196594238281,124.99998474121094,0.0
34700.000517,258.1196594238281,124.99998474121094,0.0
34800.000519,258.1196594238281,124.99998474121094,0.0
34900.00052,258.1196594238281,124.99998474121094,0.0
35000.000522,258.1196594238281,124.99998474121094,0.0
35100.000522999995,258.1196594238281,124.99998474121094,0.0
35200.000525,258.1196594238281,124.99998474121094,0.0
35300.000525999996,258.1196594238281,124.99998474121094,0.0
35400.000528,258.1196594238281,124.99998474121094,0.0
35500.000529,258.1196594238281,124.99998474121094,0.0
35600.000531,258.1196594238281,124.99998474121094,0.0
35700.000532,258.1196594238281,124.99998474121094,0.0
35800.000534,258.1196594238281,124.99998474121094,0.0
35900.000535,258.1196594238281,124.99998474121094,0.0
36000.000537,258.1196594238281,124.99998474121094,0.0
36100.000538,258.1196594238281,124.99998474121094,0.0
36200.00054,258.1196594238281,124.99998474121094,0.0
36300.000541,258.1196594238281,124.99998474121094,0.0
36400.000542999995,258.1196594238281,124.99998474121094,0.0
36500.000544,258.1196594238281,124.99998474121094,0.0
36600.000545999996,258.1196594238281,124.99998474121094,0.0
36700.000547,258.1196594238281,124.99998474121094,0.0
36800.000549000004,258.1196594238281,124.99998474121094,0.0
36900.000550000004,258.1196594238281,124.99998474121094,0.0
37000.000552000005,258.1196594238281,124.99998474121094,0.0
37100.000553,258.1196594238281,124.99998474121094,0.0
37200.000555000006,258.1196594238281,124.99998474121094,0.0
37300.000556,258.1196594238281,124.99998474121094,0.0
37400.000558,258.1196594238281,124.99998474121094,0.0
37500.000559,258.1196594238281,124.99998474121094,0.0
37600.000561,258.1196594238281,124.99998474121094,0.0
37700.000562,258.1196594238281,124.99998474121094,0.0
37800.000564,258.1196594238281,124.99998474121094,0.0
37900.000565,258.1196594238281,124.99998474121094,0.0
38000.000567,258.1196594238281,124.99998474121094,0.0
38100.000567999996,258.1196594238281,124.99998474121094,0.0
38200.000570000004,258.1196594238281,124.99998474121094,0.0
38300.000571,258.1196594238281,124.99998474121094,0.0
38400.000573,258.1196594238281,124.99998474121094,0.0
38500.000574,258.1196594238281,124.99998474121094,0.0
38600.000576,258.1196594238281,124.99998474121094,0.0
38700.000577,258.1196594238281,124.99998474121094,0.0
38800.000579,258.1196594238281,124.99998474121094,0.0
38900.00058,258.1196594238281,124.99998474121094,0.0
39000.000582,258.1196594238281,124.99998474121094,0.0
39100.000583,258.1196594238281,124.99998474121094,0.0
39200.000584,258.1196594238281,124.99998474121094,0.0
39300.000586,258.1196594238281,124.99998474121094,0.0
39400.000587,258.1196594238281,124.99998474121094,0.0
39500.000589,258.1196594238281,124.99998474121094,0.0
39600.00059,258.1196594238281,124.99998474121094,0.0
39700.000592000004,258.1196594238281,124.99998474121094,0.0
39800.000593,258.1196594238281,124.99998474121094,0.0
39900.000595000005,258.1196594238281,124.99998474121094,0.0
40000.000596,258.1196594238281,124.99998474121094,0.0
40100.000598,258.1196594238281,124.99998474121094,0.0
40200.000599,258.1196594238281,124.99998474121094,0.0
40300.000601,258.1196594238281,124.99998474121094,0.0
40400.000602,258.1196594238281,124.99998474121094,0.0
40500.000604,258.1196594238281,124.99998474121094,0.0
40600.000605,258.1196594238281,124.99998474121094,0.0
40700.000607,258.1196594238281,124.99998474121094,0.0
40800.000607999995,258.1196594238281,124.99998474121094,0.0
40900.00061,258.1196594238281,124.99998474121094,0.0
41000.000610999996,258.1196594238281,124.99998474121094,0.0
41100.000613,258.1196594238281,124.99998474121094,0.0
41200.000614,258.1196594238281,124.99998474121094,0.0
41300.000616,258.1196594238281,124.99998474121094,0.0
41400.000617000005,258.1196594238281,124.99998474121094,0.0
41500.000619,258.1196594238281,124.99998474121094,0.0
41600.000620000006,258.1196594238281,124.99998474121094,0.0
41700.000622,258.1196594238281,124.99998474121094,0.0
41800.000623,258.1196594238281,124.99998474121094,0.0
41900.000625,258.1196594238281,124.99998474121094,0.0
42000.000626,258.1196594238281,124.99998474121094,0.0
42100.000627999994,258.1196594238281,124.99998474121094,0.0
42200.000629,258.1196594238281,124.99998474121094,0.0
42300.000631,258.1196594238281,124.99998474121094,0.0
42400.000632,258.1196594238281,124.99998474121094,0.0
42500.000634,258.1196594238281,124.99998474121094,0.0
42600.000635000004,258.1196594238281,124.99998474121094,0.0
42700.000637000005,258.1196594238281,124.99998474121094,0.0
42800.000638,258.1196594238281,124.99998474121094,0.0
42900.00064,258.1196594238281,124.99998474121094,0.0
43000.000641,258.1196594238281,124.99998474121094,0.0
43100.000643,258.1196594238281,124.99998474121094,0.0
43200.000644,258.1196594238281,124.99998474121094,0.0
43300.000646,258.1196594238281,124.99998474121094,0.0
43400.000647,258.1196594238281,124.99998474121094,0.0
43500.000649,258.1196594238281,124.99998474121094,0.0
43600.00065,258.1196594238281,124.99998474121094,0.0
43700.000652,258.1196594238281,124.99998474121094,0.0
43800.000652999996,258.1196594238281,124.99998474121094,0.0
43900.000654999996,258.1196594238281,124.99998474121094,0.0
44000.000656,258.1196594238281,124.99998474121094,0.0
44100.000658,258.1196594238281,124.99998474121094,0.0
44200.000659,258.1196594238281,124.99998474121094,0.0
44300.000660000005,258.1196594238281,124.99998474121094,0.0
44400.000662,258.1196594238281,124.99998474121094,0.0
44500.000663,258.1196594238281,124.99998474121094,0.0
44600.000665,258.1196594238281,124.99998474121094,0.0
44700.000666,258.1196594238281,124.99998474121094,0.0
44800.000668,258.1196594238281,124.99998474121094,0.0
44900.000669,258.1196594238281,124.99998474121094,0.0
45000.000671,258.1196594238281,124.99998474121094,0.0
45100.000672,258.1196594238281,124.99998474121094,0.0
45200.000674,258.1196594238281,124.99998474121094,0.0
45300.000675,258.1196594238281,124.99998474121094,0.0
45400.000677,258.1196594238281,124.99998474121094,0.0
45500.000678,258.1196594238281,124.99998474121094,0.0
45600.00068,258.1196594238281,124.99998474121094,0.0
45700.000681,258.1196594238281,124.99998474121094,0.0
45800.000683,258.1196594238281,124.99998474121094,0.0
45900.000684,258.1196594238281,124.99998474121094,0.0
46000.000686,258.1196594238281,124.99998474121094,0.0
46100.000687,258.1196594238281,124.99998474121094,0.0
46200.000689,258.1196594238281,124.99998474121094,0.0
46300.00069,258.1196594238281,124.99998474121094,0.0
46400.000692,258.1196594238281,124.99998474121094,0.0
46500.000692999994,258.1196594238281,124.99998474121094,0.0
46600.000694999995,258.1196594238281,124.99998474121094,0.0
46700.000696,258.1196594238281,124.99998474121094,0.0
46800.000697999996,258.1196594238281,124.99998474121094,0.0
46900.000699000004,258.1196594238281,124.99998474121094,0.0
47000.000701,258.1196594238281,124.99998474121094,0.0
47100.000702000005,258.1196594238281,124.99998474121094,0.0
47200.000704,258.1196594238281,124.99998474121094,0.0
47300.000705,258.1196594238281,124.99998474121094,0.0
47400.000707,258.1196594238281,124.99998474121094,0.0
47500.000708,258.1196594238281,124.99998474121094,0.0
47600.00071,258.1196594238281,124.99998474121094,0.0
47700.000711,258.1196594238281,124.99998474121094,0.0
47800.000713,258.1196594238281,124.99998474121094,0.0
47900.000714,258.1196594238281,124.99998474121094,0.0
48000.000716,258.1196594238281,124.99998474121094,0.0
48100.000717,258.1196594238281,124.99998474121094,0.0
48200.000719,258.1196594238281,124.99998474121094,0.0
48300.00072,258.1196594238281,124.99998474121094,0.0
48400.000722000004,258.1196594238281,124.99998474121094,0.0
48500.000723,258.1196594238281,124.99998474121094,0.0
48600.000725,258.1196594238281,124.99998474121094,0.0
48700.000726,258.1196594238281,124.99998474121094,0.0
48800.000728,258.1196594238281,124.99998474121094,0.0
48900.000729,258.1196594238281,124.99998474121094,0.0
49000.000731,258.1196594238281,124.99998474121094,0.0
49100.000732,258.1196594238281,124.99998474121094,0.0
49200.000733,258.1196594238281,124.99998474121094,0.0
49300.000734999994,258.1196594238281,124.99998474121094,0.0
49400.000736,258.1196594238281,124.99998474121094,0.0
49500.000737999995,258.1196594238281,124.99998474121094,0.0
49600.000739,258.1196594238281,124.99998474121094,0.0
49700.000740999996,258.1196594238281,124.99998474121094,0.0
49800.000742000004,258.1196594238281,124.99998474121094,0.0
49900.000744000004,258.1196594238281,124.99998474121094,0.0
50000.000745000005,258.1196594238281,124.99998474121094,0.0
50100.000747000006,258.1196594238281,124.99998474121094,0.0
50200.000748,258.1196594238281,124.99998474121094,0.0
50300.00075,258.1196594238281,124.99998474121094,0.0
50400.000751,258.1196594238281,124.99998474121094,0.0
50500.000753,258.1196594238281,124.99998474121094,0.0
50600.000754,258.1196594238281,124.99998474121094,0.0
50700.000756,258.1196594238281,124.99998474121094,0.0
50800.000757,258.1196594238281,124.99998474121094,0.0
50900.000759,258.1196594238281,124.99998474121094,0.0
51000.000759999995,258.1196594238281,124.99998474121094,0.0
51100.000762,258.1196594238281,124.99998474121094,0.0
51200.000763,258.1196594238281,124.99998474121094,0.0
51300.000765,258.1196594238281,124.99998474121094,0.0
51400.000766,258.1196594238281,124.99998474121094,0.0
51500.000768,258.1196594238281,124.99998474121094,0.0
51600.000769,258.1196594238281,124.99998474121094,0.0
51700.000771,258.1196594238281,124.99998474121094,0.0
51800.000772,258.1196594238281,124.99998474121094,0.0
51900.000774,258.1196594238281,124.99998474121094,0.0
52000.00077499999,258.1196594238281,124.99998474121094,0.0
52100.000777,258.1196594238281,124.99998474121094,0.0
52200.000778,258.1196594238281,124.99998474121094,0.0
52300.000779999995,258.1196594238281,124.99998474121094,0.0
52400.000781,258.1196594238281,124.99998474121094,0.0
52500.000782999996,258.1196594238281,124.99998474121094,0.0
52600.000784,258.1196594238281,124.99998474121094,0.0
52700.000786,258.1196594238281,124.99998474121094,0.0
52800.000787000004,258.1196594238281,124.99998474121094,0.0
52900.000789000005,258.1196594238281,124.99998474121094,0.0
53000.00079,258.1196594238281,124.99998474121094,0.0
53100.000792000006,258.1196594238281,124.99998474121094,0.0
53200.000793,258.1196594238281,124.99998474121094,0.0
53300.000795,258.1196594238281,124.99998474121094,0.0
53400.000796,258.1196594238281,124.99998474121094,0.0
53500.000798,258.1196594238281,124.99998474121094,0.0
53600.000799,258.1196594238281,124.99998474121094,0.0
53700.000801,258.1196594238281,124.99998474121094,0.0
53800.000802,258.1196594238281,124.99998474121094,0.0
53900.000804,258.1196594238281,124.99998474121094,0.0
54000.000804999996,258.1196594238281,124.99998474121094,0.0
54100.000807000004,258.1196594238281,124.99998474121094,0.0
54200.000808,258.1196594238281,124.99998474121094,0.0
54300.000809,258.1196594238281,124.99998474121094,0.0
54400.000811,258.1196594238281,124.99998474121094,0.0
54500.000812000006,258.1196594238281,124.99998474121094,0.0
54600.000814,258.1196594238281,124.99998474121094,0.0
54700.000815,258.1196594238281,124.99998474121094,0.0
54800.000817,258.1196594238281,124.99998474121094,0.0
54900.000818,258.1196594238281,124.99998474121094,0.0
55000.000819999994,258.1196594238281,124.99998474121094,0.0
55100.000821,258.1196594238281,124.99998474121094,0.0
55200.000823,258.1196594238281,124.99998474121094,0.0
55300.000824,258.1196594238281,124.99998474121094,0.0
55400.000826,258.1196594238281,124.99998474121094,0.0
55500.000827,258.1196594238281,124.99998474121094,0.0
55600.000829000004,258.1196594238281,124.99998474121094,0.0
55700.00083,258.1196594238281,124.99998474121094,0.0
55800.000832000005,258.1196594238281,124.99998474121094,0.0
55900.000833,258.1196594238281,124.99998474121094,0.0
56000.000835,258.1196594238281,124.99998474121094,0.0
56100.000836,258.1196594238281,124.99998474121094,0.0
56200.000838,258.1196594238281,124.99998474121094,0.0
56300.000839,258.1196594238281,124.99998474121094,0.0
56400.000841,258.1196594238281,124.99998474121094,0.0
56500.000842,258.1196594238281,124.99998474121094,0.0
56600.000844,258.1196594238281,124.99998474121094,0.0
56700.000844999995,258.1196594238281,124.99998474121094,0.0
56800.000847,258.1196594238281,124.99998474121094,0.0
56900.000847999996,258.1196594238281,124.99998474121094,0.0
57000.00085,258.1196594238281,124.99998474121094,0.0
57100.000851,258.1196594238281,124.99998474121094,0.0
57200.000853,258.1196594238281,124.99998474121094,0.0
57300.000854,258.1196594238281,124.99998474121094,0.0
57400.000856,258.1196594238281,124.99998474121094,0.0
57500.00085700001,258.1196594238281,124.99998474121094,0.0
57600.000859,258.1196594238281,124.99998474121094,0.0
57700.00086,258.1196594238281,124.99998474121094,0.0
57800.000862,258.1196594238281,124.99998474121094,0.0
57900.000863,258.1196594238281,124.99998474121094,0.0
58000.000864999995,258.1196594238281,124.99998474121094,0.0
58100.000866,258.1196594238281,124.99998474121094,0.0
58200.000867999996,258.1196594238281,124.99998474121094,0.0
58300.000869,258.1196594238281,124.99998474121094,0.0
58400.000871000004,258.1196594238281,124.99998474121094,0.0
58500.000872000004,258.1196594238281,124.99998474121094,0.0
58600.000874000005,258.1196594238281,124.99998474121094,0.0
58700.000875,258.1196594238281,124.99998474121094,0.0
58800.000877,258.1196594238281,124.99998474121094,0.0
58900.000878,258.1196594238281,124.99998474121094,0.0
59000.00088,258.1196594238281,124.99998474121094,0.0
59100.000881,258.1196594238281,124.99998474121094,0.0
59200.000883,258.1196594238281,124.99998474121094,0.0
59300.000884,258.1196594238281,124.99998474121094,0.0
59400.000884999994,258.1196594238281,124.99998474121094,0.0
59500.000887,258.1196594238281,124.99998474121094,0.0
59600.000887999995,258.1196594238281,124.99998474121094,0.0
59700.000889999996,258.1196594238281,124.99998474121094,0.0
59800.000891,258.1196594238281,124.99998474121094,0.0
59900.000893,258.1196594238281,124.99998474121094,0.0
60000.000894000004,258.1196594238281,124.99998474121094,0.0
60100.000896,258.1196594238281,124.99998474121094,0.0
60200.000897000005,258.1196594238281,124.99998474121094,0.0
60300.000899,258.1196594238281,124.99998474121094,0.0
60400.0009,258.1196594238281,124.99998474121094,0.0
60500.000902,258.1196594238281,124.99998474121094,0.0
60600.000903,258.1196594238281,124.99998474121094,0.0
60700.000905,258.1196594238281,124.99998474121094,0.0
60800.000906,258.1196594238281,124.99998474121094,0.0
60900.000908,258.1196594238281,124.99998474121094,0.0
61000.000909,258.1196594238281,124.99998474121094,0.0
61100.000911,258.1196594238281,124.99998474121094,0.0
61200.000912,258.1196594238281,124.99998474121094,0.0
61300.000914000004,258.1196594238281,124.99998474121094,0.0
61400.000915,258.1196594238281,124.99998474121094,0.0
61500.000917000005,258.1196594238281,124.99998474121094,0.0
61600.000918,258.1196594238281,124.99998474121094,0.0
61700.00092,258.1196594238281,124.99998474121094,0.0
61800.000921,258.1196594238281,124.99998474121094,0.0
61900.000923,258.1196594238281,124.99998474121094,0.0
62000.000924,258.1196594238281,124.99998474121094,0.0
62100.000926,258.1196594238281,124.99998474121094,0.0
62200.000927,258.1196594238281,124.99998474121094,0.0
62300.000929,258.1196594238281,124.99998474121094,0.0
62400.000929999995,258.1196594238281,124.99998474121094,0.0
62500.000931999995,258.1196594238281,124.99998474121094,0.0
62600.000932999996,258.1196594238281,124.99998474121094,0.0
62700.000935,258.1196594238281,124.99998474121094,0.0
62800.000936000004,258.1196594238281,124.99998474121094,0.0
62900.000938,258.1196594238281,124.99998474121094,0.0
63000.000939000005,258.1196594238281,124.99998474121094,0.0
63100.000941,258.1196594238281,124.99998474121094,0.0
63200.000942000006,258.1196594238281,124.99998474121094,0.0
63300.000944,258.1196594238281,124.99998474121094,0.0
63400.000945,258.1196594238281,124.99998474121094,0.0
63500.00094699999,258.1196594238281,124.99998474121094,0.0
63600.000948,258.1196594238281,124.99998474121094,0.0
63700.00095,258.1196594238281,124.99998474121094,0.0
63800.000951,258.1196594238281,124.99998474121094,0.0
63900.000953,258.1196594238281,124.99998474121094,0.0
64000.000954,258.1196594238281,124.99998474121094,0.0
64100.000956,258.1196594238281,124.99998474121094,0.0
64200.000957000004,258.1196594238281,124.99998474121094,0.0
64300.000959000005,258.1196594238281,124.99998474121094,0.0
64400.00096,258.1196594238281,124.99998474121094,0.0
64500.000961,258.1196594238281,124.99998474121094,0.0
64600.000963,258.1196594238281,124.99998474121094,0.0
64700.000964,258.1196594238281,124.99998474121094,0.0
64800.000966,258.1196594238281,124.99998474121094,0.0
64900.000967,258.1196594238281,124.99998474121094,0.0
65000.000969,258.1196594238281,124.99998474121094,0.0
65100.000969999994,258.1196594238281,124.99998474121094,0.0
65200.000971999994,258.1196594238281,124.99998474121094,0.0
65300.000972999995,258.1196594238281,124.99998474121094,0.0
65400.000974999995,258.1196594238281,124.99998474121094,0.0
65500.000975999996,258.1196594238281,124.99998474121094,0.0
65600.000978,258.1196594238281,124.99998474121094,0.0
65700.00097899999,258.1196594238281,124.99998474121094,0.0
65800.00098099999,258.1196594238281,124.99998474121094,0.0
65900.000982,258.1196594238281,124.99998474121094,0.0
66000.000984,258.1196594238281,124.99998474121094,0.0
66100.00098499999,258.1196594238281,124.99998474121094,0.0
66200.00098699999,258.1196594238281,124.99998474121094,0.0
66300.000988,258.1196594238281,124.99998474121094,0.0
66400.00099,258.1196594238281,124.99998474121094,0.0
66500.000991,258.1196594238281,124.99998474121094,0.0
66600.000993,258.1196594238281,124.99998474121094,0.0
66700.000994,258.1196594238281,124.99998474121094,0.0
66800.00099599999,258.1196594238281,124.99998474121094,0.0
66900.00099700001,258.1196594238281,124.99998474121094,0.0
67000.000999,258.1196594238281,124.99998474121094,0.0
67100.001,258.1196594238281,124.99998474121094,0.0
67200.00100199999,258.1196594238281,124.99998474121094,0.0
67300.00100300001,258.1196594238281,124.99998474121094,0.0
67400.00100500001,258.1196594238281,124.99998474121094,0.0
67500.001006,258.1196594238281,124.99998474121094,0.0
67600.001008,258.1196594238281,124.99998474121094,0.0
67700.001009,258.1196594238281,124.99998474121094,0.0
67800.001011,258.1196594238281,124.99998474121094,0.0
67900.00101200001,258.1196594238281,124.99998474121094,0.0
68000.00101400001,258.1196594238281,124.99998474121094,0.0
68100.001015,258.1196594238281,124.99998474121094,0.0
68200.001017,258.1196594238281,124.99998474121094,0.0
68300.00101800001,258.1196594238281,124.99998474121094,0.0
68400.00102000001,258.1196594238281,124.99998474121094,0.0
68500.001021,258.1196594238281,124.99998474121094,0.0
68600.001023,258.1196594238281,124.99998474121094,0.0
68700.001024,258.1196594238281,124.99998474121094,0.0
68800.001026,258.1196594238281,124.99998474121094,0.0
68900.001027,258.1196594238281,124.99998474121094,0.0
69000.001029,258.1196594238281,124.99998474121094,0.0
69100.00103,258.1196594238281,124.99998474121094,0.0
69200.001032,258.1196594238281,124.99998474121094,0.0
69300.00103300001,258.1196594238281,124.99998474121094,0.0
69400.001034,258.1196594238281,124.99998474121094,0.0
69500.001036,258.1196594238281,124.99998474121094,0.0
69600.001037,258.1196594238281,124.99998474121094,0.0
69700.001039,258.1196594238281,124.99998474121094,0.0
69800.00104,258.1196594238281,124.99998474121094,0.0
69900.001042,258.1196594238281,124.99998474121094,0.0
70000.001043,258.1196594238281,124.99998474121094,0.0
70100.001045,258.1196594238281,124.99998474121094,0.0
70200.00104599999,258.1196594238281,124.99998474121094,0.0
70300.001048,258.1196594238281,124.99998474121094,0.0
70400.001049,258.1196594238281,124.99998474121094,0.0
70500.001051,258.1196594238281,124.99998474121094,0.0
70600.00105199999,258.1196594238281,124.99998474121094,0.0
70700.001054,258.1196594238281,124.99998474121094,0.0
70800.001055,258.1196594238281,124.99998474121094,0.0
70900.001057,258.1196594238281,124.99998474121094,0.0
71000.001058,258.1196594238281,124.99998474121094,0.0
71100.00106,258.1196594238281,124.99998474121094,0.0
71200.00106099999,258.1196594238281,124.99998474121094,0.0
71300.001063,258.1196594238281,124.99998474121094,0.0
71400.001064,258.1196594238281,124.99998474121094,0.0
71500.001066,258.1196594238281,124.99998474121094,0.0
71600.00106699999,258.1196594238281,124.99998474121094,0.0
71700.00106899999,258.1196594238281,124.99998474121094,0.0
71800.00107,258.1196594238281,124.99998474121094,0.0
71900.001072,258.1196594238281,124.99998474121094,0.0
72000.001073,258.1196594238281,124.99998474121094,0.0
72100.001075,258.1196594238281,124.99998474121094,0.0
72200.001076,258.1196594238281,124.99998474121094,0.0
72300.001078,258.1196594238281,124.99998474121094,0.0
72400.00107900001,258.1196594238281,124.99998474121094,0.0
72500.001081,258.1196594238281,124.99998474121094,0.0
72600.001082,258.1196594238281,124.99998474121094,0.0
72700.00108399999,258.1196594238281,124.99998474121094,0.0
72800.00108500001,258.1196594238281,124.99998474121094,0.0
72900.00108700001,258.1196594238281,124.99998474121094,0.0
73000.001088,258.1196594238281,124.99998474121094,0.0
73100.00109,258.1196594238281,124.99998474121094,0.0
73200.001091,258.1196594238281,124.99998474121094,0.0
73300.001093,258.1196594238281,124.99998474121094,0.0
73400.001094,258.1196594238281,124.99998474121094,0.0
73500.001096,258.1196594238281,124.99998474121094,0.0
73600.001097,258.1196594238281,124.99998474121094,0.0
73700.001099,258.1196594238281,124.99998474121094,0.0
73800.00110000001,258.1196594238281,124.99998474121094,0.0
73900.00110200001,258.1196594238281,124.99998474121094,0.0
74000.001103,258.1196594238281,124.99998474121094,0.0
74100.001105,258.1196594238281,124.99998474121094,0.0
74200.001106,258.1196594238281,124.99998474121094,0.0
74300.001108,258.1196594238281,124.99998474121094,0.0
74400.001109,258.1196594238281,124.99998474121094,0.0
74500.00111,258.1196594238281,124.99998474121094,0.0
74600.001112,258.1196594238281,124.99998474121094,0.0
74700.001113,258.1196594238281,124.99998474121094,0.0
74800.001115,258.1196594238281,124.99998474121094,0.0
74900.001116,258.1196594238281,124.99998474121094,0.0
75000.001118,258.1196594238281,124.99998474121094,0.0
75100.001119,258.1196594238281,124.99998474121094,0.0
75200.001121,258.1196594238281,124.99998474121094,0.0
75300.001122,258.1196594238281,124.99998474121094,0.0
75400.001124,258.1196594238281,124.99998474121094,0.0
75500.001125,258.1196594238281,124.99998474121094,0.0
75600.001127,258.1196594238281,124.99998474121094,0.0
75700.001128,258.1196594238281,124.99998474121094,0.0
75800.00113,258.1196594238281,124.99998474121094,0.0
75900.001131,258.1196594238281,124.99998474121094,0.0
76000.001133,258.1196594238281,124.99998474121094,0.0
76100.00113399999,258.1196594238281,124.99998474121094,0.0
76200.00113599999,258.1196594238281,124.99998474121094,0.0
76300.001137,258.1196594238281,124.99998474121094,0.0
76400.001139,258.1196594238281,124.99998474121094,0.0
76500.00114,258.1196594238281,124.99998474121094,0.0
76600.001142,258.1196594238281,124.99998474121094,0.0
76700.001143,258.1196594238281,124.99998474121094,0.0
76800.001145,258.1196594238281,124.99998474121094,0.0
76900.001146,258.1196594238281,124.99998474121094,0.0
77000.001148,258.1196594238281,124.99998474121094,0.0
77100.00114899999,258.1196594238281,124.99998474121094,0.0
77200.00115099999,258.1196594238281,124.99998474121094,0.0
77300.001152,258.1196594238281,124.99998474121094,0.0
77400.001154,258.1196594238281,124.99998474121094,0.0
77500.001155,258.1196594238281,124.99998474121094,0.0
77600.00115699999,258.1196594238281,124.99998474121094,0.0
77700.001158,258.1196594238281,124.99998474121094,0.0
77800.00116,258.1196594238281,124.99998474121094,0.0
77900.00116100001,258.1196594238281,124.99998474121094,0.0
78000.001163,258.1196594238281,124.99998474121094,0.0
78100.001164,258.1196594238281,124.99998474121094,0.0
78200.001166,258.1196594238281,124.99998474121094,0.0
78300.00116700001,258.1196594238281,124.99998474121094,0.0
78400.00116900001,258.1196594238281,124.99998474121094,0.0
78500.00117,258.1196594238281,124.99998474121094,0.0
78600.001172,258.1196594238281,124.99998474121094,0.0
78700.001173,258.1196594238281,124.99998474121094,0.0
78800.00117500001,258.1196594238281,124.99998474121094,0.0
78900.001176,258.1196594238281,124.99998474121094,0.0
79000.001178,258.1196594238281,124.99998474121094,0.0
79100.001179,258.1196594238281,124.99998474121094,0.0
79200.001181,258.1196594238281,124.99998474121094,0.0
79300.001182,258.1196594238281,124.99998474121094,0.0
79400.00118400001,258.1196594238281,124.99998474121094,0.0
79500.001185,258.1196594238281,124.99998474121094,0.0
79600.001186,258.1196594238281,124.99998474121094,0.0
79700.001188,258.1196594238281,124.99998474121094,0.0
79800.001189,258.1196594238281,124.99998474121094,0.0
79900.001191,258.1196594238281,124.99998474121094,0.0
80000.001192,258.1196594238281,124.99998474121094,0.0
80100.001194,258.1196594238281,124.99998474121094,0.0
80200.001195,258.1196594238281,124.99998474121094,0.0
80300.001197,258.1196594238281,124.99996948242188,3.279109107904971e-06
80400.001198,258.11962890625,124.99996948242188,2.3345268040028783e-06
80500.0012,258.11962890625,124.99996948242188,1.21111181076993e-06
80600.00120099999,258.11962890625,124.99996948242188,5.411239872453584e-07
80700.00120299999,258.11962890625,124.99996948242188,1.8159930431871036e-07
80800.001204,258.11962890625,124.99996948242188,1.5076026482629188e-07
80900.001206,258.11962890625,124.99996948242188,4.760955190791193e-08
81000.001207,258.11962890625,124.99996948242188,2.1881986707831555e-08
81100.001209,258.11962890625,124.99996948242188,-1.9099991675482235e-09
81200.00121,258.11962890625,124.99996948242188,-7.902772603680742e-09
81300.001212,258.11962890625,124.99996948242188,1.0880080225520252e-08
81400.001213,258.11962890625,124.99996948242188,-1.7094414725981186e-08
81500.001215,258.11962890625,124.99996948242188,2.3852098645289566e-09
81600.00121599999,258.11962890625,124.99996948242188,1.9478366401932875e-08
81700.00121799999,258.11962890625,124.99996948242188,-5.376824881182794e-09
81800.001219,258.11962890625,124.99996948242188,1.2420627578900778e-08
81900.001221,258.11962890625,124.99996948242188,-1.2404060981509412e-08
82000.00122199999,258.1198425292969,125.01203155517578,0.3443650514973412
82100.00122399999,258.1209716796875,125.07782745361328,0.8591979204034585
82200.001225,258.1228332519531,125.18973541259766,1.296565209371264
82300.001227,258.1256103515625,125.34253692626953,1.684636192458777
82400.001228,258.1293640136719,125.53185272216797,2.0426141347855307
82500.00123,258.1340637207031,125.75593566894531,2.376390454798562
82600.00123099999,258.1399841308594,126.01148223876953,2.6849176753122292
82700.00123299999,258.1471252441406,126.29705047607422,2.9741390334083904
82800.00123400001,258.1554260253906,126.61019897460938,3.2468817051380396
82900.001236,258.1648864746094,126.95028686523438,3.5094962325034142
83000.001237,258.17498779296875,127.31536102294922,3.752118207585101
83100.00123899999,258.1863098144531,127.70449829101562,3.9967344147741595
83200.00124000001,258.1981506347656,128.11920166015625,4.258983602632826
83300.001242,258.21002197265625,128.5609893798828,4.535932408944177
83400.001243,258.2218933105469,129.03131103515625,4.826600450081985
83500.00124499999,258.2336120605469,129.53138732910156,5.128315108417043
83600.001246,258.2451477050781,130.06202697753906,5.432298817068511
83700.001248,258.2564392089844,130.62342834472656,5.716014046195252
83800.00124900001,258.2674865722656,131.21641540527344,6.036610031728876
83900.00125100001,258.2781982421875,131.84112548828125,6.356223437488536
84000.001252,258.28851318359375,132.49740600585938,6.67420270290875
84100.001254,258.2983703613281,133.18504333496094,6.989599395954173
84200.00125500001,258.3077392578125,133.90365600585938,7.300276224121036
84300.00125700001,258.31658935546875,134.65225219726562,7.594423240989997
84400.001258,258.3249206542969,135.4286651611328,7.870003025719398
84500.00126,258.3326721191406,136.23226928710938,8.143354459852011
84600.001261,258.33990478515625,137.0624237060547,8.404385248247184
84700.001262,258.34661865234375,137.91754150390625,8.65270749957893
84800.001264,258.35284423828125,138.79757690429688,8.904623170405484
84900.001265,258.3586120605469,139.7029571533203,9.16060179843485
85000.001267,258.36395263671875,140.63388061523438,9.413815118607053
85100.00126799999,258.3689270019531,141.5897979736328,9.664788912813503
85200.00127000001,258.37353515625,142.57151794433594,9.927438002157105
85300.001271,258.3778381347656,143.58013916015625,10.201275507020524
85400.001273,258.3818359375,144.6165008544922,10.478336763213354
85500.001274,258.38555908203125,145.680419921875,10.755343621749645
85600.001276,258.3890686035156,146.77232360839844,11.035084389789
85700.001277,258.3924255371094,147.89190673828125,11.310347307422717
85800.001279,258.3955993652344,149.03900146484375,11.58636477922164
85900.00128,258.39862060546875,150.21400451660156,11.867751235243345
86000.001282,258.40155029296875,151.41737365722656,12.152690048547802
86100.00128299999,258.4043884277344,152.64923095703125,12.435858497191289
86200.001285,258.4071350097656,153.9091033935547,12.715549455909576
86300.001286,258.4098815917969,155.19705200195312,12.996981396544147
86400.001288,258.41259765625,156.51304626464844,13.27530861418993
86500.00128899999,258.4153137207031,157.85646057128906,13.546536114917346
86600.001291,258.41802978515625,159.22633361816406,13.80597558295348
86700.001292,258.42071533203125,160.621337890625,14.051128351193702
86800.001294,258.4236755371094,162.0400848388672,14.275668606093799
86900.001295,258.4276123046875,163.48291015625,14.421888745295394
87000.001297,258.4295959472656,164.94070434570312,14.525523673781693
87100.00129799999,258.4316101074219,166.39230346679688,14.582655804193267
87200.0013,258.4324035644531,167.84237670898438,14.610997237056726
87300.001301,258.4334716796875,169.30206298828125,14.60122889264509
87400.001303,258.43475341796875,170.760009765625,14.546225708501971
87500.00130399999,258.436767578125,172.209716796875,14.441755792464743
87600.00130599999,258.4389343261719,173.64561462402344,14.286366843480566
87700.001307,258.44097900390625,175.06349182128906,14.096732291700983
87800.001309,258.4421081542969,176.4532928466797,13.9022783656017
87900.00130999999,258.44476318359375,177.82339477539062,13.687678302422116
88000.001312,258.4479675292969,179.1849365234375,13.464099968452162
88100.001313,258.4518127441406,180.52818298339844,13.257344580501996
88200.001315,258.4561767578125,181.84420776367188,13.066263290345853
88300.00131600001,258.4604187011719,183.14122009277344,12.919421054188168
88400.001318,258.4646301269531,184.42884826660156,12.865223797746216
88500.001319,258.4688720703125,185.71640014648438,12.89637788065375
88600.00132099999,258.4731140136719,187.01116943359375,12.991661812964582
88700.00132200001,258.4774475097656,188.3181915283203,13.131099263023804
88800.001324,258.4819030761719,189.64108276367188,13.301991765882926
88900.001325,258.4863586425781,190.98248291015625,13.495796250244103
89000.001327,258.4909362792969,192.3441619873047,13.704988216335327
89100.001328,258.49560546875,193.72743225097656,13.925076800079252
89200.00133,258.5003662109375,195.13308715820312,14.14907143377417
89300.001331,258.5051574707031,196.56089782714844,14.370387187857636
89400.00133300001,258.5101013183594,198.01068115234375,14.587499965486185
89500.001334,258.5150451660156,199.48138427734375,14.789937413223047
89600.001336,258.52008056640625,200.97105407714844,14.969594295336902
89700.00133700001,258.5251159667969,202.476806640625,15.115631886687742
89800.001338,258.5302734375,203.9945526123047,15.214208569103054
89900.00134,258.5354309082031,205.5185546875,15.249795574129651
90000.001341,258.54052734375,207.04153442382812,15.204499957445286
90100.001343,258.5455627441406,208.55496215820312,15.075289989409457
90200.001344,258.550537109375,210.05128479003906,14.875906306994704
90300.001346,258.5553894042969,211.52410888671875,14.61735630424763
90400.001347,258.5601501464844,212.96812438964844,14.308853509615055
90500.001349,258.5647888183594,214.37901306152344,13.963377119148067
90600.00135,258.5694885253906,215.7538604736328,13.593626663283462
90700.001352,258.5750732421875,217.09097290039062,13.212042734077134
90800.001353,258.58197021484375,218.38980102539062,12.830085812856796
90900.001355,258.5908508300781,219.6509552001953,12.458524770106228
91000.001356,258.6026306152344,220.87603759765625,12.107016383252423
91100.001358,258.6183776855469,222.0675506591797,11.784038105975688
91200.001359,258.6393127441406,223.22874450683594,11.497052924337106
91300.001361,258.6667785644531,224.36383056640625,11.261190518604181
91400.001362,258.7024841308594,225.47862243652344,11.081144825682689
91500.001364,258.74847412109375,226.5771026611328,10.936237867569886
91600.001365,258.8074645996094,227.66226196289062,10.821963996920122
91700.001367,258.88330078125,228.7361602783203,10.727094268309964
91800.001368,258.9808654785156,229.79913330078125,10.636229219978578
91900.00137,259.1090087890625,230.8489227294922,10.532737144642656
92000.00137099999,259.269287109375,231.88385009765625,10.425033265102801
92100.00137299999,259.4642639160156,232.89990234375,10.283829520787677
92200.001374,259.69647216796875,233.89122009277344,10.10280195863473
92300.001376,259.9657287597656,234.85214233398438,9.884811493851736
92400.001377,260.2909851074219,235.7803192138672,9.59654483310076
92500.001379,260.6175231933594,236.6749725341797,9.352378908237363
92600.00138,260.9767761230469,237.521484375,9.058370048961601
92700.001382,261.3619384765625,238.30630493164062,8.627957443620794
92800.001383,261.7592468261719,239.0517578125,8.370537091055814
92900.001385,262.177734375,239.75881958007812,8.097370770138106
93000.00138599999,262.61248779296875,240.4227294921875,7.867530020027836
93100.00138799999,263.05426025390625,241.05178833007812,7.596346024514224
93200.001389,263.4963073730469,241.6334686279297,7.298261058839436
93300.001391,263.9650573730469,242.1812286376953,7.1282647880951036
93400.00139199999,264.4471130371094,242.6934051513672,6.956388488479666
93500.00139399999,264.9390869140625,243.17181396484375,6.796148071434546
93600.00139500001,265.4378662109375,243.6206512451172,6.713947444494913
93700.001397,265.94854736328125,244.03770446777344,6.521441160644011
93800.00139800001,266.462890625,244.42169189453125,6.3393928898352465
93900.0014,266.977783203125,244.7752685546875,6.174596530257682
94000.001401,267.4930419921875,245.099853515625,6.022332465450967
94100.00140299999,268.0093688964844,245.40335083007812,5.8642816351543505
94200.00140400001,268.5274963378906,245.6712646484375,5.732794459150601
94300.00140600001,269.04180908203125,245.91378784179688,5.611561778421623
94400.001407,269.5540771484375,246.13327026367188,5.518194581348377
94500.001409,270.06610107421875,246.33126831054688,5.443537826890501
94600.00141,270.5777282714844,246.5092010498047,5.374771756608856
94700.001411,271.088623046875,246.6673583984375,5.307198381006097
94800.001413,271.5978698730469,246.80673217773438,5.238109635114492
94900.001414,272.1041259765625,246.92831420898438,5.160890050484668
95000.001416,272.60546875,247.03292846679688,5.071122569620626
95100.001417,273.10028076171875,247.1214599609375,4.992662308561156
95200.00141900001,273.5958251953125,247.19692993164062,4.998501998897376
95300.00142,274.09033203125,247.2591094970703,4.948246437176114
95400.001422,274.5785217285156,247.308349609375,4.8547881957457255
95500.001423,275.05615234375,247.3455352783203,4.725945595115019
95600.001425,275.5201416015625,247.37225341796875,4.575750531964626
95700.001426,275.968505859375,247.3899383544922,4.410068868873887
95800.001428,276.3994445800781,247.3997039794922,4.227483773538506
95900.001429,276.8119201660156,247.4026336669922,4.042261010223318
96000.001431,277.2060852050781,247.39964294433594,3.8626774056203956
96100.001432,277.5823059082031,247.3916015625,3.6828465044952066
96200.001434,277.9408874511719,247.37921142578125,3.5135709206236205
96300.001435,278.2826232910156,247.36282348632812,3.3490897757197975
96400.001437,278.6082763671875,247.34461975097656,3.1933188259313297
96500.00143799999,278.9182434082031,247.32327270507812,3.04089959430202
96600.00144,279.2132263183594,247.29949951171875,2.89648309717374
96700.001441,279.4880676269531,247.2744903564453,2.6547384205208364
96800.001443,279.7357177734375,247.2494659423828,2.3671586144889445
96900.001444,279.9563903808594,247.2252655029297,2.109407882227794
97000.001446,280.1504211425781,247.2031707763672,1.828899956670609
97100.001447,280.3163757324219,247.1851348876953,1.4796726460696101
97200.001449,280.40057373046875,247.1759490966797,0.30003331339271305
97300.00145,280.4031066894531,247.17564392089844,-0.00032814640281116347
97400.001452,280.4084167480469,247.17515563964844,0.05502639909579304
97500.00145299999,280.4137878417969,247.17462158203125,0.0477803631515946
97600.00145499999,280.41839599609375,247.17417907714844,0.04212420304829645
97700.001456,280.41943359375,247.17405700683594,-4.5574274977575867e-05
97800.001458,280.41949462890625,247.17405700683594,-3.211498201412134e-05
97900.00145899999,280.41949462890625,247.17404174804688,-1.6517009721652185e-05
98000.00146099999,280.41949462890625,247.17404174804688,-7.024934611892942e-06
98100.001462,280.41949462890625,247.17404174804688,-1.972446877658985e-06
98200.001464,280.41949462890625,247.17404174804688,-1.4204295940009033e-06
98300.001465,280.41949462890625,247.17404174804688,-7.368097881164073e-07
98400.001467,280.41949462890625,247.17404174804688,-3.2380720817646266e-07
98500.00146799999,280.41949462890625,247.17404174804688,-6.278934452563565e-08
98600.00146999999,280.41949462890625,247.17404174804688,-6.605796933321658e-08
98700.001471,280.41949462890625,247.17404174804688,-3.675386267264618e-08
98800.001473,280.41949462890625,247.17404174804688,-2.4962685241440262e-08
98900.001474,280.41949462890625,247.17404174804688,-2.796453673078664e-09
99000.00147599999,280.41949462890625,247.17404174804688,1.5541006988054299e-09
99100.00147700001,280.41949462890625,247.17404174804688,-3.46043609705917e-09
99200.001479,280.41949462890625,247.17404174804688,-5.256376779366298e-09
99300.00148,280.41949462890625,247.17404174804688,2.1809473198445163e-10
99400.00148199999,280.41949462890625,247.17404174804688,1.3305694531419359e-09
99500.001483,280.41949462890625,247.17404174804688,7.771720854549941e-10
99600.001485,280.41949462890625,247.17404174804688,4.594202904300115e-10
99700.00148600001,280.41949462890625,247.17404174804688,0.0
99800.001487,280.41949462890625,247.17404174804688,-2.1353087187959913e-09
99900.001489,280.41949462890625,247.17404174804688,-2.6918895777613086e-09
100000.00149000001,280.41949462890625,247.17404174804688,-1.8825344332976934e-09
100100.00149200001,280.41949462890625,247.17404174804688,-4.1529803816033094e-10
100200.001493,280.41949462890625,247.17404174804688,1.538219158977739e-08
100300.001495,280.41949462890625,247.17404174804688,1.989660224775291e-09
100400.001496,280.41949462890625,247.17404174804688,1.4355875644699338e-09
100500.001498,280.41949462890625,247.17404174804688,5.040649897526462e-11
100600.001499,280.41949462890625,247.17404174804688,-1.8556860757803194e-09
