Created Time(ms),Timestamp(ms),Sequence Number
1709851194675,2000,21
1709851194991,2100,22
1709851195135,2200,23
1709851195243,2300,24
1709851195401,2400,25
1709851195443,2500,26
1709851195646,2600,27
1709851195687,2700,28
1709851195863,2800,29
1709851195965,2900,30
1709851196007,3000,31
1709851196119,3100,32
1709851196235,3200,33
1709851196526,3300,34
1709851196627,3400,35
1709851196641,3500,36
1709851196779,3600,37
1709851196879,3700,38
1709851197015,3800,39
1709851197123,3900,40
1709851197223,4000,41
1709851197327,4100,42
1709851197435,4200,43
1709851197631,4300,44
1709851197735,4400,45
1709851197835,4500,46
1709851197939,4600,47
1709851198047,4700,48
1709851198151,4800,49
1709851198271,4900,50
1709851198387,5000,51
1709851198499,5100,52
1709851198678,5200,53
1709851198803,5300,54
1709851198926,5400,55
1709851198940,5500,56
1709851199091,5600,57
1709851199323,5700,58
1709851199419,5800,59
1709851199519,5900,60
1709851199623,6000,61
1709851199783,6100,62
1709851199797,6200,63
1709851200012,6300,64
1709851200165,6400,65
1709851200207,6500,66
1709851200370,6600,67
1709851200384,6700,68
1709851200511,6800,69
1709851200611,6900,70
1709851200770,7000,71
1709851200783,7100,72
1709851200911,7200,73
1709851201011,7300,74
1709851201151,7400,75
1709851201327,7500,76
1709851201341,7600,77
1709851201491,7700,78
1709851201599,7800,79
1709851201699,7900,80
1709851201863,8000,81
1709851201876,8100,82
1709851202003,8200,83
1709851202143,8300,84
1709851202283,8400,85
1709851202383,8500,86
1709851202483,8600,87
1709851202674,8700,88
1709851202687,8800,89
1709851202894,8900,90
1709851202907,9000,91
1709851203091,9100,92
1709851203203,9200,93
1709851203327,9300,94
1709851203447,9400,95
1709851203534,9500,96
1709851203819,9600,97
1709851205308,9700,98
1709851205504,9800,99
1709851205619,9900,100
1709851205759,10000,101
1709851205868,10100,102
1709851205983,10200,103
1709851206091,10300,104
1709851206411,10400,105
1709851206535,10500,106
1709851206549,10600,107
1709851206653,10700,108
1709851206761,10800,109
1709851206973,10900,110
1709851206986,11000,111
1709851207215,11100,112
1709851207420,11200,113
1709851207425,11300,114
1709851207557,11400,115
1709851207676,11500,116
1709851207903,11600,117
1709851208009,11700,118
1709851208241,11800,119
1709851208246,11900,120
1709851208362,12000,121
1709851208488,12100,122
1709851208625,12200,123
1709851208908,12300,124
1709851209027,12400,125
1709851209147,12500,126
1709851209265,12600,127
1709851209383,12700,128
1709851209484,12800,129
1709851209583,12900,130
1709851209691,13000,131
1709851209789,13100,132
1709851209891,13200,133
1709851210110,13300,134
1709851210237,13400,135
1709851210466,13500,136
1709851210597,13600,137
1709851210728,13700,138
1709851210742,13800,139
1709851210943,13900,140
1709851211059,14000,141
1709851211213,14100,142
1709851211316,14200,143
1709851211459,14300,144
1709851211622,14400,145
1709851211634,14500,146
1709851211736,14600,147
1709851211849,14700,148
1709851212059,14800,149
1709851212169,14900,150
1709851212411,15000,151
1709851212524,15100,152
1709851212639,15200,153
1709851212764,15300,154
1709851212856,15400,155
1709851213091,15500,156
1709851213201,15600,157
1709851213439,15700,158
1709851213444,15800,159
1709851213661,15900,160
1709851213666,16000,161
1709851213971,16100,162
1709851214179,16200,163
1709851214297,16300,164
1709851214309,16400,165
1709851214502,16500,166
1709851214515,16600,167
1709851214715,16700,168
1709851214824,16800,169
1709851214829,16900,170
1709851215030,17000,171
1709851215142,17100,172
1709851215291,17200,173
1709851215395,17300,174
1709851215507,17400,175
1709851215623,17500,176
1709851215739,17600,177
1709851215915,17700,178
1709851216021,17800,179
1709851216120,17900,180
1709851216233,18000,181
1709851216478,18100,182
1709851216605,18200,183
1709851216734,18300,184
1709851216834,18400,185
1709851216945,18500,186
1709851217055,18600,187
1709851217376,18700,188
1709851217499,18800,189
1709851217512,18900,190
1709851217822,19000,191
1709851217835,19100,192
1709851217938,19200,193
1709851218048,19300,194
1709851218368,19400,195
1709851218491,19500,196
1709851218597,19600,197
1709851218602,19700,198
1709851218735,19800,199
1709851218972,19900,200
1709851218984,20000,201
1709851219098,20100,202
1709851219414,20200,203
1709851219652,20300,204
1709851219658,20400,205
1709851219773,20500,206
1709851219915,20600,207
1709851220023,20700,208
1709851220132,20800,209
1709851220239,20900,210
1709851220531,21000,211
1709851220535,21100,212
1709851220637,21200,213
1709851220870,21300,214
1709851221020,21400,215
1709851221143,21500,216
1709851221310,21600,217
1709851221322,21700,218
1709851221624,21800,219
1709851221637,21900,220
1709851221733,22000,221
1709851221837,22100,222
1709851221937,22200,223
1709851222052,22300,224
1709851222239,22400,225
1709851222395,22500,226
1709851222519,22600,227
1709851222635,22700,228
1709851222960,22800,229
1709851223084,22900,230
1709851223127,23000,231
1709851223297,23100,232
1709851223309,23200,233
1709851223417,23300,234
1709851223529,23400,235
1709851223637,23500,236
1709851223772,23600,237
1709851224225,23700,238
1709851224238,23800,239
1709851224339,23900,240
1709851224537,24000,241
1709851224550,24100,242
1709851224645,24200,243
1709851224751,24300,244
1709851224855,24400,245
1709851225161,24500,246
1709851225276,24600,247
1709851225280,24700,248
1709851225401,24800,249
1709851225514,24900,250
1709851225770,25000,251
1709851225880,25100,252
1709851226003,25200,253
1709851226323,25300,254
1709851226427,25400,255
1709851226440,25500,256
1709851226532,25600,257
1709851226656,25700,258
1709851226783,25800,259
1709851226898,25900,260
1709851227005,26000,261
1709851227304,26100,262
1709851227414,26200,263
1709851227537,26300,264
1709851227641,26400,265
1709851227768,26500,266
1709851227913,26600,267
1709851228042,26700,268
1709851228166,26800,269
1709851228481,26900,270
1709851228486,27000,271
1709851228594,27100,272
1709851228895,27200,273
1709851229003,27300,274
1709851229107,27400,275
1709851229180,27500,276
1709851229304,27600,277
1709851229431,27700,278
1709851229648,27800,279
1709851229870,27900,280
1709851229875,28000,281
1709851230000,28100,282
1709851230212,28200,283
1709851230318,28300,284
1709851230515,28400,285
1709851230528,28500,286
1709851230627,28600,287
1709851230738,28700,288
1709851230954,28800,289
1709851230967,28900,290
1709851231067,29000,291
1709851231185,29100,292
1709851231394,29200,293
1709851231399,29300,294
1709851231678,29400,295
1709851231904,29500,296
1709851231908,29600,297
1709851232022,29700,298
1709851232232,29800,299
1709851232236,29900,300
1709851232443,30000,301
1709851232456,30100,302
1709851232690,30200,303
1709851232702,30300,304
1709851232820,30400,305
1709851232949,30500,306
1709851233074,30600,307
1709851233255,30700,308
1709851233407,30800,309
1709851233607,30900,310
1709851233681,31000,311
1709851233798,31100,312
1709851233908,31200,313
1709851234018,31300,314
1709851234124,31400,315
1709851234232,31500,316
1709851234343,31600,317
1709851234452,31700,318
1709851234685,31800,319
1709851234801,31900,320
1709851234916,32000,321
1709851235175,32100,322
1709851235283,32200,323
1709851235400,32300,324
1709851235521,32400,325
1709851235739,32500,326
1709851235955,32600,327
1709851236065,32700,328
1709851236077,32800,329
1709851236173,32900,330
1709851236294,33000,331
1709851236416,33100,332
1709851236590,33200,333
1709851236794,33300,334
1709851236897,33400,335
1709851237008,33500,336
1709851237125,33600,337
1709851237243,33700,338
1709851237366,33800,339
1709851237493,33900,340
1709851237605,34000,341
1709851237959,34100,342
1709851238230,34200,343
1709851238244,34300,344
1709851238441,34400,345
1709851238455,34500,346
1709851238583,34600,347
1709851238698,34700,348
1709851238910,34800,349
1709851239055,34900,350
1709851239159,35000,351
1709851239256,35100,352
1709851239359,35200,353
1709851239459,35300,354
1709851239567,35400,355
1709851239675,35500,356
1709851239919,35600,357
1709851240031,35700,358
1709851240101,35800,359
1709851240207,35900,360
1709851240309,36000,361
1709851240514,36100,362
1709851240527,36200,363
1709851240614,36300,364
1709851240731,36400,365
1709851240860,36500,366
1709851240981,36600,367
1709851241203,36700,368
1709851241208,36800,369
1709851241308,36900,370
1709851241500,37000,371
1709851241714,37100,372
1709851241829,37200,373
1709851241933,37300,374
1709851242039,37400,375
1709851242147,37500,376
1709851242370,37600,377
1709851242382,37700,378
1709851242469,37800,379
1709851242577,37900,380
1709851242701,38000,381
1709851242837,38100,382
1709851243094,38200,383
1709851243203,38300,384
1709851243300,38400,385
1709851243405,38500,386
1709851243504,38600,387
1709851243612,38700,388
1709851243853,38800,389
1709851243969,38900,390
1709851243981,39000,391
1709851244083,39100,392
1709851244192,39200,393
1709851244295,39300,394
1709851244397,39400,395
1709851244688,39500,396
1709851244803,39600,397
1709851244897,39700,398
1709851245007,39800,399
1709851245113,39900,400
1709851245221,40000,401
1709851245433,40100,402
1709851245445,40200,403
1709851245643,40300,404
1709851245753,40400,405
1709851245767,40500,406
1709851245965,40600,407
1709851246082,40700,408
1709851246095,40800,409
1709851246437,40900,410
1709851246450,41000,411
1709851246567,41100,412
1709851246779,41200,413
1709851246888,41300,414
1709851247005,41400,415
1709851247132,41500,416
1709851247259,41600,417
1709851247392,41700,418
1709851247513,41800,419
1709851247640,41900,420
1709851247936,42000,421
1709851248034,42100,422
1709851248248,42200,423
1709851248260,42300,424
1709851248359,42400,425
1709851248479,42500,426
1709851248585,42600,427
1709851248696,42700,428
1709851248800,42800,429
1709851249005,42900,430
1709851249227,43000,431
1709851249238,43100,432
1709851249340,43200,433
1709851249447,43300,434
1709851249696,43400,435
1709851249805,43500,436
1709851250020,43600,437
1709851250137,43700,438
1709851250262,43800,439
1709851250390,43900,440
1709851250503,44000,441
1709851250611,44100,442
1709851250715,44200,443
1709851250818,44300,444
1709851250921,44400,445
1709851251028,44500,446
1709851251289,44600,447
1709851251392,44700,448
1709851251507,44800,449
1709851251613,44900,450
1709851251735,45000,451
1709851251834,45100,452
1709851252042,45200,453
1709851252145,45300,454
1709851252246,45400,455
1709851252450,45500,456
1709851252462,45600,457
1709851252555,45700,458
1709851252685,45800,459
1709851253066,45900,460
1709851253184,46000,461
1709851253292,46100,462
1709851253400,46200,463
1709851253542,46300,464
1709851253651,46400,465
1709851253755,46500,466
1709851254072,46600,467
1709851254196,46700,468
1709851254209,46800,469
1709851254556,46900,470
1709851254568,47000,471
1709851254762,47100,472
1709851254775,47200,473
1709851254880,47300,474
1709851255091,47400,475
1709851255196,47500,476
1709851255292,47600,477
1709851255394,47700,478
1709851255505,47800,479
1709851255624,47900,480
1709851255735,48000,481
1709851255844,48100,482
1709851255965,48200,483
1709851256177,48300,484
1709851256331,48400,485
1709851256568,48500,486
1709851256644,48600,487
1709851256750,48700,488
1709851256859,48800,489
1709851257011,48900,490
1709851257135,49000,491
1709851257204,49100,492
1709851257319,49200,493
1709851257427,49300,494
1709851257687,49400,495
1709851257757,49500,496
1709851257963,49600,497
1709851258047,49700,498
1709851258299,49800,499
1709851258375,49900,500
1709851258682,50000,501
1709851258695,50100,502
1709851258810,50200,503
1709851258911,50300,504
1709851259038,50400,505
1709851259249,50500,506
1709851259262,50600,507
1709851259360,50700,508
1709851259466,50800,509
1709851259574,50900,510
1709851259963,51000,511
1709851260079,51100,512
1709851260167,51200,513
1709851260284,51300,514
1709851260387,51400,515
1709851260486,51500,516
1709851260691,51600,517
1709851260703,51700,518
1709851260805,51800,519
1709851260919,51900,520
1709851261035,52000,521
1709851261215,52100,522
1709851261319,52200,523
1709851261389,52300,524
1709851261756,52400,525
1709851261874,52500,526
1709851262090,52600,527
1709851262102,52700,528
1709851262218,52800,529
1709851262379,52900,530
1709851262499,53000,531
1709851262775,53100,532
1709851262788,53200,533
1709851262883,53300,534
1709851263099,53400,535
1709851263106,53500,536
1709851263479,53600,537
1709851263492,53700,538
1709851263698,53800,539
1709851263711,53900,540
1709851263814,54000,541
1709851263971,54100,542
1709851264172,54200,543
1709851264234,54300,544
1709851264338,54400,545
1709851264445,54500,546
1709851264566,54600,547
1709851264891,54700,548
1709851265011,54800,549
1709851265219,54900,550
1709851265339,55000,551
1709851265427,55100,552
1709851265689,55200,553
1709851265701,55300,554
1709851265863,55400,555
1709851265971,55500,556
1709851266083,55600,557
1709851266295,55700,558
1709851266403,55800,559
1709851266478,55900,560
1709851266590,56000,561
1709851266833,56100,562
1709851266944,56200,563
1709851267269,56300,564
1709851267283,56400,565
1709851267392,56500,566
1709851267547,56600,567
1709851267663,56700,568
1709851267733,56800,569
1709851267951,56900,570
1709851267960,57000,571
1709851268072,57100,572
1709851268298,57200,573
1709851268459,57300,574
1709851268751,57400,575
1709851268828,57500,576
1709851268995,57600,577
1709851269111,57700,578
1709851269231,57800,579
1709851269455,57900,580
1709851269591,58000,581
1709851269727,58100,582
1709851269859,58200,583
1709851270003,58300,584
1709851270063,58400,585
1709851270453,58500,586
1709851270465,58600,587
1709851270572,58700,588
1709851270689,58800,589
1709851270843,58900,590
1709851270909,59000,591
1709851271016,59100,592
1709851271130,59200,593
1709851271251,59300,594
1709851271511,59400,595
1709851271696,59500,596
1709851271704,59600,597
1709851271799,59700,598
1709851271905,59800,599
1709851272165,59900,600
1709851272315,60000,601
1709851272390,60100,602
1709851272492,60200,603
1709851272647,60300,604
1709851272767,60400,605
1709851272827,60500,606
1709851273030,60600,607
1709851273137,60700,608
1709851273242,60800,609
1709851273395,60900,610
1709851273511,61000,611
1709851273584,61100,612
1709851273682,61200,613
1709851274048,61300,614
1709851274199,61400,615
1709851274268,61500,616
1709851274489,61600,617
1709851274501,61700,618
1709851274651,61800,619
1709851274751,61900,620
1709851274823,62000,621
1709851274931,62100,622
1709851275056,62200,623
1709851275169,62300,624
1709851275279,62400,625
1709851275427,62500,626
1709851275844,62600,627
1709851275858,62700,628
1709851275954,62800,629
1709851276107,62900,630
1709851276160,63000,631
1709851276270,63100,632
1709851276481,63200,633
1709851276488,63300,634
1709851276704,63400,635
1709851276938,63500,636
1709851276950,63600,637
1709851277205,63700,638
1709851277326,63800,639
1709851277479,63900,640
1709851277545,64000,641
1709851277761,64100,642
1709851277769,64200,643
1709851277980,64300,644
1709851278135,64400,645
1709851278255,64500,646
1709851278430,64600,647
1709851278442,64700,648
1709851278607,64800,649
1709851278719,64900,650
1709851278815,65000,651
1709851279139,65100,652
1709851279247,65200,653
1709851279318,65300,654
1709851279432,65400,655
1709851279548,65500,656
1709851279715,65600,657
1709851279860,65700,658
1709851279900,65800,659
1709851280128,65900,660
1709851280291,66000,661
1709851280359,66100,662
1709851280476,66200,663
1709851280627,66300,664
1709851280863,66400,665
1709851280950,66500,666
1709851281267,66600,667
1709851281279,66700,668
1709851281381,66800,669
1709851281487,66900,670
1709851281651,67000,671
1709851281759,67100,672
1709851281840,67200,673
1709851281991,67300,674
1709851282303,67400,675
1709851282417,67500,676
1709851282429,67600,677
1709851282733,67700,678
1709851282740,67800,679
1709851282899,67900,680
1709851283011,68000,681
1709851283090,68100,682
1709851283207,68200,683
1709851283313,68300,684
1709851283419,68400,685
1709851283579,68500,686
1709851283703,68600,687
1709851283974,68700,688
1709851284027,68800,689
1709851284089,68900,690
1709851284352,69000,691
1709851284503,69100,692
1709851284583,69200,693
1709851284704,69300,694
1709851284912,69400,695
1709851285132,69500,696
1709851285144,69600,697
1709851285251,69700,698
1709851285360,69800,699
1709851285481,69900,700
1709851285590,70000,701
1709851285703,70100,702
1709851285804,70200,703
1709851286012,70300,704
1709851286215,70400,705
1709851286312,70500,706
1709851286414,70600,707
1709851286515,70700,708
1709851286749,70800,709
1709851286756,70900,710
1709851286865,71000,711
1709851286960,71100,712
1709851287064,71200,713
1709851287183,71300,714
1709851287428,71400,715
1709851287479,71500,716
1709851287711,71600,717
1709851287814,71700,718
