Source,SDSM Time (ms),Detection Time (ms),Object ID,Expected Latitude,Expected Longitude,SDSM Latitude,SDSM Longitude,Expected East (m),Expected North (m),Error East (m),Error North (m),Position Error (m),Speed (m/s),Expected Heading (deg),SDSM Heading (deg),Heading Error (deg)
mcap,1789063076404,1789063076310,984,38.954942479,-77.14844829,38.954941773,-77.148448107,0.348,-9.383,0.0159,-0.0783,0.0799,1.285,192.0,192.0,-0.0
mcap,1789063076505,1789063076411,984,38.954938637,-77.148448089,38.95493817,-77.148446953,0.365,-9.81,0.0985,-0.0518,0.1113,1.709,202.0,202.0,0.0
mcap,1789063076606,1789063076510,984,38.954937468,-77.14844836,38.95493727,-77.148448107,0.342,-9.939,0.022,-0.022,0.0311,1.972,188.0,187.9875030517578,-0.0125
mcap,1789063076707,1789063076611,984,38.954937468,-77.14844836,38.95493727,-77.148448107,0.342,-9.939,0.022,-0.022,0.0311,1.92,186.0,185.9875030517578,-0.0125
mcap,1789063076808,1789063076712,984,38.954937468,-77.14844836,38.95493727,-77.148448107,0.342,-9.939,0.022,-0.022,0.0311,1.582,185.0,185.0,0.0
mcap,1789063076909,1789063076813,984,38.954936882,-77.148448331,38.954936369,-77.148448107,0.344,-10.004,0.0195,-0.057,0.0602,1.248,183.0,183.0,-0.0
mcap,1789063077010,1789063076913,984,38.95493447,-77.148448213,38.954933666,-77.148448107,0.354,-10.272,0.0092,-0.0892,0.0897,0.93,183.0,183.0,-0.0
mcap,1789063077111,1789063077013,984,38.954933222,-77.148448152,38.954932766,-77.148446953,0.36,-10.411,0.1039,-0.0507,0.1156,0.943,183.0,183.0,-0.0
mcap,1789063077212,1789063077113,984,38.954928617,-77.148447927,38.954928262,-77.148446953,0.379,-10.922,0.0844,-0.0395,0.0932,1.967,184.0,184.0,0.0
mcap,1789063077414,1789063077311,984,38.9549286,-77.148448285,38.954928262,-77.148448107,0.348,-10.924,0.0155,-0.0376,0.0406,1.899,185.0,185.0,0.0
mcap,1789063077515,1789063077412,984,38.954927893,-77.148448615,38.954927361,-77.148448107,0.319,-11.002,0.0441,-0.0591,0.0737,1.53,185.0,185.0,0.0
mcap,1789063077616,1789063077510,984,38.954925772,-77.148448525,38.954925559,-77.148448107,0.327,-11.238,0.0362,-0.0235,0.0432,1.724,185.0,185.0,0.0
mcap,1789063077717,1789063077612,984,38.9549228,-77.148448776,38.954921956,-77.148448107,0.305,-11.568,0.058,-0.0936,0.1101,1.362,185.0,185.0,0.0
mcap,1789063077818,1789063077713,984,38.954921247,-77.148449097,38.954921056,-77.148448107,0.278,-11.74,0.0859,-0.0213,0.0885,1.711,184.0,184.0,0.0
mcap,1789063077919,1789063077814,984,38.954921247,-77.148449097,38.954921056,-77.148448107,0.278,-11.74,0.0859,-0.0213,0.0885,1.649,184.0,184.0,0.0
mcap,1789063078020,1789063077914,984,38.954921247,-77.148449097,38.954921056,-77.148448107,0.278,-11.74,0.0859,-0.0213,0.0885,1.482,184.0,184.0,0.0
mcap,1789063078121,1789063078013,984,38.954921247,-77.148449097,38.954921056,-77.148448107,0.278,-11.74,0.0859,-0.0213,0.0885,1.01,185.0,185.0,0.0
mcap,1789063078222,1789063078114,984,38.954919692,-77.148448653,38.954919254,-77.148448107,0.316,-11.913,0.0474,-0.0486,0.0679,0.703,184.0,184.0,0.0
mcap,1789063078323,1789063078212,984,38.954918076,-77.148448589,38.954917453,-77.148448107,0.322,-12.092,0.0418,-0.0692,0.0809,0.713,185.0,185.0,0.0
mcap,1789063078424,1789063078312,984,38.954914714,-77.148448457,38.954913849,-77.148448107,0.333,-12.465,0.0303,-0.096,0.1006,1.46,185.0,185.0,0.0
mcap,1789063078524,1789063078412,984,38.954911164,-77.148448316,38.954911147,-77.148448107,0.345,-12.86,0.0182,-0.0019,0.0183,2.248,186.0,185.9875030517578,-0.0125
mcap,1789063078625,1789063078613,984,38.954911144,-77.14844873,38.954910246,-77.148448107,0.309,-12.862,0.0541,-0.0997,0.1134,1.966,224.0,224.0,0.0
mcap,1789063078826,1789063078714,984,38.954911124,-77.148449144,38.954910246,-77.148448107,0.274,-12.864,0.0899,-0.0975,0.1326,1.679,139.0,139.0,-0.0
mcap,1789063078926,1789063078815,984,38.954909274,-77.148449083,38.954908445,-77.148448107,0.279,-13.069,0.0846,-0.092,0.125,1.343,160.0,160.0,-0.0
mcap,1789063079026,1789063078917,984,38.95490735,-77.148449446,38.954906643,-77.14844926,0.247,-13.283,0.0161,-0.0785,0.0801,0.987,221.0,221.0,-0.0
mcap,1789063079126,1789063079016,984,38.954906377,-77.148449416,38.954905742,-77.14844926,0.25,-13.391,0.0135,-0.0705,0.0718,1.203,203.0,203.0,0.0
mcap,1789063079226,1789063079117,984,38.954906377,-77.148449416,38.954905742,-77.14844926,0.25,-13.391,0.0135,-0.0705,0.0718,1.131,190.0,190.0,0.0
mcap,1789063079326,1789063079312,984,38.954906377,-77.148449416,38.954905742,-77.14844926,0.25,-13.391,0.0135,-0.0705,0.0718,0.648,184.0,184.0,0.0
mcap,1789063079526,1789063079513,984,38.95490441,-77.148448922,38.954903941,-77.148448107,0.293,-13.609,0.0706,-0.0521,0.0878,0.498,187.0,186.9875030517578,-0.0125
mcap,1789063079626,1789063079614,984,38.954902343,-77.148449295,38.954902139,-77.148448107,0.26,-13.839,0.103,-0.0226,0.1055,0.962,187.0,186.9875030517578,-0.0125
mcap,1789063079826,1789063079715,984,38.954900234,-77.148449232,38.954899437,-77.148448107,0.266,-14.073,0.0976,-0.0885,0.1317,1.43,188.0,187.9875030517578,-0.0125
mcap,1789063079926,1789063079816,984,38.954898061,-77.148449167,38.954897635,-77.148448107,0.272,-14.314,0.0919,-0.0473,0.1034,1.913,191.0,191.0,-0.0
mcap,1789063080026,1789063079918,984,38.954898061,-77.148449167,38.954897635,-77.148448107,0.272,-14.314,0.0919,-0.0473,0.1034,1.678,190.0,190.0,0.0
mcap,1789063080126,1789063080017,984,38.954896949,-77.148449134,38.954896734,-77.148448107,0.274,-14.438,0.089,-0.0239,0.0922,1.661,226.0,226.0,0.0
mcap,1789063080226,1789063080116,984,38.954896949,-77.148449134,38.954896734,-77.148448107,0.274,-14.438,0.089,-0.0239,0.0922,1.198,173.0,173.0,0.0
mcap,1789063080327,1789063080313,984,38.954896927,-77.148449592,38.954896734,-77.14844926,0.235,-14.44,0.0288,-0.0214,0.0359,0.327,171.0,171.0,-0.0
mcap,1789063080427,1789063080413,984,38.954896927,-77.148449592,38.954896734,-77.14844926,0.235,-14.44,0.0288,-0.0214,0.0359,0.327,162.0,162.0,-0.0
mcap,1789063080527,1789063080513,984,38.954896927,-77.148449592,38.954896734,-77.14844926,0.235,-14.44,0.0288,-0.0214,0.0359,0.08,224.0,224.0,
mcap,1789063080727,1789063080615,984,38.954896905,-77.148450051,38.954896734,-77.14844926,0.195,-14.442,0.0685,-0.019,0.0711,0.159,266.0,266.0,0.0
mcap,1789063080827,1789063080715,984,38.954896905,-77.148450051,38.954896734,-77.14844926,0.195,-14.442,0.0685,-0.019,0.0711,0.08,267.0,267.0,
mcap,1789063080927,1789063080815,984,38.954896905,-77.148450051,38.954896734,-77.14844926,0.195,-14.442,0.0685,-0.019,0.0711,0.08,267.0,267.0,
mcap,1789063081027,1789063080916,984,38.954895798,-77.148449562,38.954894933,-77.14844926,0.237,-14.565,0.0262,-0.0961,0.0996,0.34,192.0,192.0,-0.0
mcap,1789063081128,1789063081016,984,38.954895798,-77.148449562,38.954894933,-77.14844926,0.237,-14.565,0.0262,-0.0961,0.0996,0.34,201.0,201.0,-0.0
mcap,1789063081229,1789063081213,984,38.954894651,-77.148449531,38.954894032,-77.14844926,0.24,-14.693,0.0235,-0.0688,0.0727,0.515,213.0,212.9875030517578,-0.0125
mcap,1789063081329,1789063081314,984,38.954894651,-77.148449531,38.954894032,-77.14844926,0.24,-14.693,0.0235,-0.0688,0.0727,0.515,235.0,235.0,0.0
mcap,1789063081429,1789063081414,984,38.954894651,-77.148449531,38.954894032,-77.14844926,0.24,-14.693,0.0235,-0.0688,0.0727,0.255,266.0,266.0,0.0
mcap,1789063081629,1789063081513,984,38.954894651,-77.148449531,38.954894032,-77.14844926,0.24,-14.693,0.0235,-0.0688,0.0727,0.255,152.0,152.0,-0.0
mcap,1789063081730,1789063081615,984,38.954894651,-77.148449531,38.954894032,-77.14844926,0.24,-14.693,0.0235,-0.0688,0.0727,0.0,0.0,0.0,
mcap,1789063081831,1789063081716,984,38.954894651,-77.148449531,38.954894032,-77.14844926,0.24,-14.693,0.0235,-0.0688,0.0727,0.0,0.0,0.0,
mcap,1789063081932,1789063081817,984,38.954894651,-77.148449531,38.954894032,-77.14844926,0.24,-14.693,0.0235,-0.0688,0.0727,0.0,0.0,0.0,
mcap,1789063082033,1789063081916,984,38.954894651,-77.148449531,38.954894032,-77.14844926,0.24,-14.693,0.0235,-0.0688,0.0727,0.0,0.0,0.0,
mcap,1789063082134,1789063082016,984,38.954894651,-77.148449531,38.954894032,-77.14844926,0.24,-14.693,0.0235,-0.0688,0.0727,0.0,0.0,0.0,
mcap,1789063082235,1789063082216,984,38.954894651,-77.148449531,38.954894032,-77.14844926,0.24,-14.693,0.0235,-0.0688,0.0727,0.0,0.0,0.0,
mcap,1789063082336,1789063082315,984,38.954894651,-77.148449531,38.954894032,-77.14844926,0.24,-14.693,0.0235,-0.0688,0.0727,0.0,0.0,0.0,
mcap,1789063082437,1789063082415,984,38.954894651,-77.148449531,38.954894032,-77.14844926,0.24,-14.693,0.0235,-0.0688,0.0727,0.0,0.0,0.0,
mcap,1789063082538,1789063082515,984,38.954894651,-77.148449531,38.954894032,-77.14844926,0.24,-14.693,0.0235,-0.0688,0.0727,0.0,0.0,0.0,
mcap,1789063082639,1789063082617,984,38.954896927,-77.148449592,38.954896734,-77.14844926,0.235,-14.44,0.0288,-0.0214,0.0359,0.505,359.0,359.0,0.0
mcap,1789063082740,1789063082717,984,38.954896927,-77.148449592,38.954896734,-77.14844926,0.235,-14.44,0.0288,-0.0214,0.0359,0.505,359.0,359.0,0.0
mcap,1789063082841,1789063082818,984,38.954896927,-77.148449592,38.954896734,-77.14844926,0.235,-14.44,0.0288,-0.0214,0.0359,0.505,359.0,359.0,0.0
mcap,1789063082942,1789063082917,984,38.954896927,-77.148449592,38.954896734,-77.14844926,0.235,-14.44,0.0288,-0.0214,0.0359,0.505,359.0,359.0,0.0
mcap,1789063083043,1789063083018,984,38.954894651,-77.148449531,38.954894032,-77.14844926,0.24,-14.693,0.0235,-0.0688,0.0727,1.011,359.0,359.0,0.0
mcap,1789063083144,1789063083117,984,38.954894651,-77.148449531,38.954894032,-77.14844926,0.24,-14.693,0.0235,-0.0688,0.0727,0.505,359.0,359.0,0.0
mcap,1789063083245,1789063083215,984,38.954894651,-77.148449531,38.954894032,-77.14844926,0.24,-14.693,0.0235,-0.0688,0.0727,0.505,359.0,359.0,0.0
mcap,1789063083346,1789063083316,984,38.954894651,-77.148449531,38.954894032,-77.14844926,0.24,-14.693,0.0235,-0.0688,0.0727,0.505,359.0,359.0,0.0
mcap,1789063083447,1789063083416,984,38.954895798,-77.148449562,38.954894933,-77.14844926,0.237,-14.565,0.0262,-0.0961,0.0996,0.76,359.0,359.0,0.0
mcap,1789063083548,1789063083516,984,38.954895798,-77.148449562,38.954894933,-77.14844926,0.237,-14.565,0.0262,-0.0961,0.0996,0.255,359.0,359.0,0.0
mcap,1789063083749,1789063083718,984,38.954894651,-77.148449531,38.954894032,-77.14844926,0.24,-14.693,0.0235,-0.0688,0.0727,0.509,359.0,359.0,0.0
mcap,1789063083849,1789063083818,984,38.95489582,-77.1484491,38.954894933,-77.148448107,0.277,-14.563,0.0861,-0.0985,0.1308,0.779,28.0,28.0,0.0
mcap,1789063084049,1789063084018,984,38.954894651,-77.148449531,38.954894032,-77.14844926,0.24,-14.693,0.0235,-0.0688,0.0727,0.795,208.0,208.0,0.0
mcap,1789063084149,1789063084118,984,38.954894651,-77.148449531,38.954894032,-77.14844926,0.24,-14.693,0.0235,-0.0688,0.0727,0.54,201.0,201.0,-0.0
mcap,1789063084250,1789063084217,984,38.954894651,-77.148449531,38.954894032,-77.14844926,0.24,-14.693,0.0235,-0.0688,0.0727,0.54,196.0,195.9875030517578,-0.0125
mcap,1789063084351,1789063084317,984,38.954894651,-77.148449531,38.954894032,-77.14844926,0.24,-14.693,0.0235,-0.0688,0.0727,0.27,196.0,195.9875030517578,-0.0125
mcap,1789063084451,1789063084417,984,38.954894651,-77.148449531,38.954894032,-77.14844926,0.24,-14.693,0.0235,-0.0688,0.0727,0.27,196.0,195.9875030517578,-0.0125
mcap,1789063084551,1789063084518,984,38.954894651,-77.148449531,38.954894032,-77.14844926,0.24,-14.693,0.0235,-0.0688,0.0727,0.0,0.0,0.0,
mcap,1789063084651,1789063084618,984,38.954894651,-77.148449531,38.954894032,-77.14844926,0.24,-14.693,0.0235,-0.0688,0.0727,0.0,0.0,0.0,
mcap,1789063084751,1789063084719,984,38.954894651,-77.148449531,38.954894032,-77.14844926,0.24,-14.693,0.0235,-0.0688,0.0727,0.0,0.0,0.0,
mcap,1789063084851,1789063084819,984,38.954894651,-77.148449531,38.954894032,-77.14844926,0.24,-14.693,0.0235,-0.0688,0.0727,0.0,0.0,0.0,
mcap,1789063084951,1789063084920,984,38.954894651,-77.148449531,38.954894032,-77.14844926,0.24,-14.693,0.0235,-0.0688,0.0727,0.0,0.0,0.0,
mcap,1789063085051,1789063085020,984,38.954894651,-77.148449531,38.954894032,-77.14844926,0.24,-14.693,0.0235,-0.0688,0.0727,0.0,0.0,0.0,
mcap,1789063085152,1789063085120,984,38.954894651,-77.148449531,38.954894032,-77.14844926,0.24,-14.693,0.0235,-0.0688,0.0727,0.0,0.0,0.0,
mcap,1789063085352,1789063085318,984,38.954894651,-77.148449531,38.954894032,-77.14844926,0.24,-14.693,0.0235,-0.0688,0.0727,0.0,0.0,0.0,
mcap,1789063085452,1789063085419,984,38.954894651,-77.148449531,38.954894032,-77.14844926,0.24,-14.693,0.0235,-0.0688,0.0727,0.0,0.0,0.0,
mcap,1789063085552,1789063085518,984,38.954894651,-77.148449531,38.954894032,-77.14844926,0.24,-14.693,0.0235,-0.0688,0.0727,0.0,0.0,0.0,
mcap,1789063085652,1789063085619,984,38.954894651,-77.148449531,38.954894032,-77.14844926,0.24,-14.693,0.0235,-0.0688,0.0727,0.0,0.0,0.0,
mcap,1789063085752,1789063085720,984,38.954894651,-77.148449531,38.954894032,-77.14844926,0.24,-14.693,0.0235,-0.0688,0.0727,0.0,0.0,0.0,
mcap,1789063085852,1789063085821,984,38.954894651,-77.148449531,38.954894032,-77.14844926,0.24,-14.693,0.0235,-0.0688,0.0727,0.0,0.0,0.0,
mcap,1789063086052,1789063086023,984,38.954894651,-77.148449531,38.954894032,-77.14844926,0.24,-14.693,0.0235,-0.0688,0.0727,0.0,0.0,0.0,
mcap,1789063086252,1789063086222,984,38.954894651,-77.148449531,38.954894032,-77.14844926,0.24,-14.693,0.0235,-0.0688,0.0727,0.0,0.0,0.0,
mcap,1789063086352,1789063086322,984,38.954894651,-77.148449531,38.954894032,-77.14844926,0.24,-14.693,0.0235,-0.0688,0.0727,0.0,0.0,0.0,
mcap,1789063086552,1789063086523,984,38.954894651,-77.148449531,38.954894032,-77.14844926,0.24,-14.693,0.0235,-0.0688,0.0727,0.0,0.0,0.0,
mcap,1789063086652,1789063086623,984,38.954894651,-77.148449531,38.954894032,-77.14844926,0.24,-14.693,0.0235,-0.0688,0.0727,0.0,0.0,0.0,
mcap,1789063086852,1789063086821,984,38.954894651,-77.148449531,38.954894032,-77.14844926,0.24,-14.693,0.0235,-0.0688,0.0727,0.0,0.0,0.0,
mcap,1789063086952,1789063086922,984,38.954894651,-77.148449531,38.954894032,-77.14844926,0.24,-14.693,0.0235,-0.0688,0.0727,0.0,0.0,0.0,
mcap,1789063087052,1789063087022,984,38.954894651,-77.148449531,38.954894032,-77.14844926,0.24,-14.693,0.0235,-0.0688,0.0727,0.0,0.0,0.0,
mcap,1789063087152,1789063087122,984,38.954894651,-77.148449531,38.954894032,-77.14844926,0.24,-14.693,0.0235,-0.0688,0.0727,0.0,0.0,0.0,
mcap,1789063087252,1789063087220,984,38.954894651,-77.148449531,38.954894032,-77.14844926,0.24,-14.693,0.0235,-0.0688,0.0727,0.0,0.0,0.0,
mcap,1789063087352,1789063087321,984,38.954894651,-77.148449531,38.954894032,-77.14844926,0.24,-14.693,0.0235,-0.0688,0.0727,0.0,0.0,0.0,
mcap,1789063087452,1789063087420,984,38.954894651,-77.148449531,38.954894032,-77.14844926,0.24,-14.693,0.0235,-0.0688,0.0727,0.0,0.0,0.0,
mcap,1789063087552,1789063087521,984,38.95489582,-77.1484491,38.954894933,-77.148448107,0.277,-14.563,0.0861,-0.0985,0.1308,0.27,16.0,16.0,0.0
mcap,1789063087652,1789063087622,984,38.954894651,-77.148449531,38.954894032,-77.14844926,0.24,-14.693,0.0235,-0.0688,0.0727,0.54,196.0,195.9875030517578,-0.0125
mcap,1789063087752,1789063087723,984,38.954894651,-77.148449531,38.954894032,-77.14844926,0.24,-14.693,0.0235,-0.0688,0.0727,0.54,196.0,195.9875030517578,-0.0125
mcap,1789063087852,1789063087823,984,38.954894651,-77.148449531,38.954894032,-77.14844926,0.24,-14.693,0.0235,-0.0688,0.0727,0.54,196.0,195.9875030517578,-0.0125
mcap,1789063087952,1789063087923,984,38.954894651,-77.148449531,38.954894032,-77.14844926,0.24,-14.693,0.0235,-0.0688,0.0727,0.54,196.0,195.9875030517578,-0.0125
mcap,1789063088052,1789063088023,984,38.954894651,-77.148449531,38.954894032,-77.14844926,0.24,-14.693,0.0235,-0.0688,0.0727,0.27,196.0,195.9875030517578,-0.0125
mcap,1789063088252,1789063088221,984,38.954894651,-77.148449531,38.954894032,-77.14844926,0.24,-14.693,0.0235,-0.0688,0.0727,0.0,0.0,0.0,
mcap,1789063088352,1789063088322,984,38.954894651,-77.148449531,38.954894032,-77.14844926,0.24,-14.693,0.0235,-0.0688,0.0727,0.0,0.0,0.0,
mcap,1789063088452,1789063088421,984,38.954894651,-77.148449531,38.954894032,-77.14844926,0.24,-14.693,0.0235,-0.0688,0.0727,0.0,0.0,0.0,
mcap,1789063088553,1789063088522,984,38.954894651,-77.148449531,38.954894032,-77.14844926,0.24,-14.693,0.0235,-0.0688,0.0727,0.0,0.0,0.0,
mcap,1789063088653,1789063088623,984,38.954894651,-77.148449531,38.954894032,-77.14844926,0.24,-14.693,0.0235,-0.0688,0.0727,0.0,0.0,0.0,
mcap,1789063088753,1789063088723,984,38.954894651,-77.148449531,38.954894032,-77.14844926,0.24,-14.693,0.0235,-0.0688,0.0727,0.0,0.0,0.0,
mcap,1789063088854,1789063088824,984,38.954894629,-77.148449997,38.954894032,-77.14844926,0.2,-14.695,0.0639,-0.0663,0.092,0.081,267.0,267.0,
mcap,1789063088954,1789063088924,984,38.954895798,-77.148449562,38.954894933,-77.14844926,0.237,-14.565,0.0262,-0.0961,0.0996,0.351,196.0,195.9875030517578,-0.0125
mcap,1789063089054,1789063089024,984,38.954895798,-77.148449562,38.954894933,-77.14844926,0.237,-14.565,0.0262,-0.0961,0.0996,0.351,263.0,263.0,0.0
mcap,1789063089154,1789063089125,984,38.954895776,-77.148450024,38.954894933,-77.14844926,0.197,-14.568,0.0662,-0.0936,0.1147,0.432,321.0,321.0,0.0
mcap,1789063089255,1789063089222,984,38.954894629,-77.148449997,38.954894032,-77.14844926,0.2,-14.695,0.0639,-0.0663,0.092,0.686,303.0,303.0,0.0
mcap,1789063089355,1789063089325,984,38.954894629,-77.148449997,38.954894032,-77.14844926,0.2,-14.695,0.0639,-0.0663,0.092,0.605,287.0,287.0,0.0
mcap,1789063089455,1789063089425,984,38.954894629,-77.148449997,38.954894032,-77.14844926,0.2,-14.695,0.0639,-0.0663,0.092,0.335,275.0,275.0,0.0
mcap,1789063089555,1789063089521,984,38.954894629,-77.148449997,38.954894032,-77.14844926,0.2,-14.695,0.0639,-0.0663,0.092,0.335,267.0,267.0,0.0
mcap,1789063089655,1789063089623,984,38.954894629,-77.148449997,38.954894032,-77.14844926,0.2,-14.695,0.0639,-0.0663,0.092,0.255,253.0,253.0,0.0
mcap,1789063089855,1789063089826,984,38.954895798,-77.148449562,38.954894933,-77.14844926,0.237,-14.565,0.0262,-0.0961,0.0996,0.27,16.0,15.987500190734863,-0.0125
mcap,1789063089956,1789063089926,984,38.954895798,-77.148449562,38.954894933,-77.14844926,0.237,-14.565,0.0262,-0.0961,0.0996,0.27,16.0,15.987500190734863,-0.0125
mcap,1789063090056,1789063090025,984,38.95489582,-77.1484491,38.954894933,-77.148448107,0.277,-14.563,0.0861,-0.0985,0.1308,0.351,26.0,26.0,0.0
mcap,1789063090156,1789063090125,984,38.95489582,-77.1484491,38.954894933,-77.148448107,0.277,-14.563,0.0861,-0.0985,0.1308,0.351,29.0,29.0,0.0
mcap,1789063090256,1789063090223,984,38.954895842,-77.148448638,38.954894933,-77.148448107,0.317,-14.56,0.046,-0.101,0.111,0.431,37.0,37.0,0.0
mcap,1789063090356,1789063090323,984,38.954895842,-77.148448638,38.954894933,-77.148448107,0.317,-14.56,0.046,-0.101,0.111,0.161,42.0,42.0,0.0
mcap,1789063090456,1789063090428,984,38.95489582,-77.1484491,38.954894933,-77.148448107,0.277,-14.563,0.0861,-0.0985,0.1308,0.241,42.0,41.98749923706055,-0.0125
mcap,1789063090556,1789063090525,984,38.95489582,-77.1484491,38.954894933,-77.148448107,0.277,-14.563,0.0861,-0.0985,0.1308,0.161,41.0,41.0,0.0
mcap,1789063090656,1789063090624,984,38.95489582,-77.1484491,38.954894933,-77.148448107,0.277,-14.563,0.0861,-0.0985,0.1308,0.161,37.0,36.98749923706055,-0.0125
mcap,1789063090756,1789063090726,984,38.954893486,-77.1484495,38.954893131,-77.14844926,0.243,-14.822,0.0208,-0.0394,0.0446,0.603,217.0,217.0,0.0
mcap,1789063090856,1789063090825,984,38.954893486,-77.1484495,38.954893131,-77.14844926,0.243,-14.822,0.0208,-0.0394,0.0446,0.603,215.0,215.0,0.0
mcap,1789063091056,1789063091026,984,38.954893486,-77.1484495,38.954893131,-77.14844926,0.243,-14.822,0.0208,-0.0394,0.0446,0.523,224.0,224.0,0.0
mcap,1789063091157,1789063091126,984,38.954893486,-77.1484495,38.954893131,-77.14844926,0.243,-14.822,0.0208,-0.0394,0.0446,0.523,51.0,51.0,0.0
mcap,1789063091258,1789063091224,984,38.954893509,-77.14844903,38.954893131,-77.148448107,0.283,-14.819,0.0801,-0.0419,0.0904,0.082,202.0,202.0,
mcap,1789063091359,1789063091324,984,38.954893509,-77.14844903,38.954893131,-77.148448107,0.283,-14.819,0.0801,-0.0419,0.0904,0.082,200.0,200.0,
mcap,1789063091460,1789063091425,984,38.954893509,-77.14844903,38.954893131,-77.148448107,0.283,-14.819,0.0801,-0.0419,0.0904,0.082,197.0,197.0,
mcap,1789063091561,1789063091524,984,38.954893509,-77.14844903,38.954893131,-77.148448107,0.283,-14.819,0.0801,-0.0419,0.0904,0.082,198.0,198.0,
mcap,1789063091662,1789063091625,984,38.954893509,-77.14844903,38.954893131,-77.148448107,0.283,-14.819,0.0801,-0.0419,0.0904,0.082,199.0,199.0,
mcap,1789063091763,1789063091727,984,38.95489582,-77.1484491,38.954894933,-77.148448107,0.277,-14.563,0.0861,-0.0985,0.1308,0.513,200.0,200.0,-0.0
mcap,1789063091864,1789063091828,984,38.954894674,-77.148449065,38.954894032,-77.148448107,0.28,-14.69,0.0831,-0.0712,0.1095,0.768,203.0,203.0,0.0
mcap,1789063091965,1789063091927,984,38.954894674,-77.148449065,38.954894032,-77.148448107,0.28,-14.69,0.0831,-0.0712,0.1095,0.768,205.0,205.0,-0.0
mcap,1789063092066,1789063092026,984,38.954894674,-77.148449065,38.954894032,-77.148448107,0.28,-14.69,0.0831,-0.0712,0.1095,0.768,208.0,208.0,0.0
mcap,1789063092267,1789063092225,984,38.954893486,-77.1484495,38.954893131,-77.14844926,0.243,-14.822,0.0208,-0.0394,0.0446,0.595,267.0,267.0,0.0
mcap,1789063092368,1789063092325,984,38.954893509,-77.14844903,38.954893131,-77.148448107,0.283,-14.819,0.0801,-0.0419,0.0904,0.422,87.0,87.0,0.0
mcap,1789063092469,1789063092425,984,38.954893509,-77.14844903,38.954893131,-77.148448107,0.283,-14.819,0.0801,-0.0419,0.0904,0.422,60.0,60.0,0.0
mcap,1789063092570,1789063092525,984,38.954893464,-77.14844997,38.954893131,-77.14844926,0.202,-14.824,0.0615,-0.0369,0.0717,0.585,234.0,234.0,0.0
mcap,1789063092671,1789063092626,984,38.954894629,-77.148449997,38.954894032,-77.14844926,0.2,-14.695,0.0639,-0.0663,0.092,0.585,288.0,288.0,0.0
mcap,1789063092772,1789063092727,984,38.954894629,-77.148449997,38.954894032,-77.14844926,0.2,-14.695,0.0639,-0.0663,0.092,0.503,315.0,315.0,0.0
mcap,1789063092873,1789063092827,984,38.954893464,-77.14844997,38.954893131,-77.14844926,0.202,-14.824,0.0615,-0.0369,0.0717,0.681,309.0,309.0,0.0
mcap,1789063092974,1789063092928,984,38.954893464,-77.14844997,38.954893131,-77.14844926,0.202,-14.824,0.0615,-0.0369,0.0717,0.681,301.0,301.0,0.0
mcap,1789063093075,1789063093028,984,38.954893442,-77.148450439,38.954893131,-77.14844926,0.161,-14.827,0.1022,-0.0345,0.1078,0.599,280.0,280.0,0.0
mcap,1789063093176,1789063093127,984,38.954893442,-77.148450439,38.954893131,-77.14844926,0.161,-14.827,0.1022,-0.0345,0.1078,0.34,237.0,237.0,0.0
mcap,1789063093277,1789063093226,984,38.954893442,-77.148450439,38.954893131,-77.14844926,0.161,-14.827,0.1022,-0.0345,0.1078,0.34,247.0,247.0,0.0
mcap,1789063093378,1789063093326,984,38.954893442,-77.148450439,38.954893131,-77.14844926,0.161,-14.827,0.1022,-0.0345,0.1078,0.082,251.0,251.0,
mcap,1789063093479,1789063093427,984,38.954893464,-77.14844997,38.954893131,-77.14844926,0.202,-14.824,0.0615,-0.0369,0.0717,0.163,259.0,259.0,0.0
mcap,1789063093580,1789063093525,984,38.954893464,-77.14844997,38.954893131,-77.14844926,0.202,-14.824,0.0615,-0.0369,0.0717,0.082,272.0,272.0,
mcap,1789063093681,1789063093627,984,38.954893464,-77.14844997,38.954893131,-77.14844926,0.202,-14.824,0.0615,-0.0369,0.0717,0.082,270.0,270.0,
mcap,1789063093882,1789063093828,984,38.954893464,-77.14844997,38.954893131,-77.14844926,0.202,-14.824,0.0615,-0.0369,0.0717,0.082,266.0,266.0,
mcap,1789063093983,1789063093928,984,38.95489228,-77.148449942,38.95489223,-77.14844926,0.204,-14.956,0.0591,-0.0055,0.0593,0.263,81.0,81.0,0.0
mcap,1789063094084,1789063094028,984,38.95488859,-77.14845034,38.954887727,-77.14844926,0.17,-15.365,0.0936,-0.0959,0.134,1.085,204.0,203.9875030517578,-0.0125
mcap,1789063094185,1789063094128,984,38.954889856,-77.148449884,38.954889528,-77.14844926,0.209,-15.225,0.0541,-0.0363,0.0652,1.377,52.0,52.0,0.0
mcap,1789063094286,1789063094227,984,38.954888637,-77.14844937,38.954887727,-77.14844926,0.254,-15.36,0.0095,-0.101,0.1015,1.662,87.0,87.0,0.0
mcap,1789063094488,1789063094428,984,38.954887374,-77.148449336,38.954886826,-77.148448107,0.257,-15.5,0.1066,-0.0609,0.1228,1.679,170.0,170.0,-0.0
mcap,1789063094589,1789063094527,984,38.954886068,-77.148449794,38.954885925,-77.14844926,0.217,-15.646,0.0463,-0.0158,0.0489,1.158,171.0,171.0,-0.0
mcap,1789063094690,1789063094629,984,38.954887351,-77.148449825,38.954886826,-77.14844926,0.215,-15.503,0.0489,-0.0583,0.0761,1.151,171.0,171.0,-0.0
mcap,1789063094791,1789063094729,984,38.954886068,-77.148449794,38.954885925,-77.14844926,0.217,-15.646,0.0463,-0.0158,0.0489,1.151,171.0,171.0,-0.0
mcap,1789063094891,1789063094830,984,38.954883412,-77.148450233,38.954883223,-77.14844926,0.179,-15.94,0.0843,-0.021,0.0869,1.465,162.0,162.0,-0.0
mcap,1789063094992,1789063094930,984,38.954882063,-77.148450206,38.954881421,-77.14844926,0.182,-16.09,0.0819,-0.0712,0.1086,1.765,264.0,264.0,0.0
mcap,1789063095093,1789063095029,984,38.954882063,-77.148450206,38.954881421,-77.14844926,0.182,-16.09,0.0819,-0.0712,0.1086,1.464,202.0,202.0,0.0
mcap,1789063095193,1789063095129,984,38.954882063,-77.148450206,38.954881421,-77.14844926,0.182,-16.09,0.0819,-0.0712,0.1086,1.179,193.0,193.0,0.0
mcap,1789063095393,1789063095328,984,38.954882038,-77.148450711,38.954881421,-77.148450414,0.138,-16.093,0.0258,-0.0685,0.0732,0.387,189.0,189.0,0.0
mcap,1789063095493,1789063095429,984,38.954880665,-77.148450687,38.95488052,-77.148450414,0.14,-16.245,0.0237,-0.0161,0.0287,0.393,189.0,189.0,0.0
mcap,1789063095594,1789063095529,984,38.954877873,-77.14845012,38.954877818,-77.14844926,0.189,-16.555,0.0745,-0.0061,0.0747,1.021,187.0,186.9875030517578,-0.0125
mcap,1789063095694,1789063095632,984,38.954871932,-77.148449998,38.954871513,-77.14844926,0.2,-17.215,0.0639,-0.0466,0.0791,2.34,188.0,187.9875030517578,-0.0125
mcap,1789063095795,1789063095731,984,38.954870354,-77.148450508,38.954869711,-77.148450414,0.155,-17.39,0.0082,-0.0714,0.0718,2.701,188.0,187.9875030517578,-0.0125
mcap,1789063095896,1789063095831,984,38.954870354,-77.148450508,38.954869711,-77.148450414,0.155,-17.39,0.0082,-0.0714,0.0718,2.613,187.0,186.9875030517578,-0.0125
mcap,1789063095996,1789063095933,984,38.954868772,-77.148450481,38.954867909,-77.14844926,0.158,-17.566,0.1058,-0.0958,0.1427,2.66,184.0,184.0,0.0
mcap,1789063096096,1789063096031,984,38.954870354,-77.148450508,38.954869711,-77.148450414,0.155,-17.39,0.0082,-0.0714,0.0718,2.383,184.0,184.0,0.0
mcap,1789063096197,1789063096132,984,38.954868772,-77.148450481,38.954867909,-77.14844926,0.158,-17.566,0.1058,-0.0958,0.1427,1.415,184.0,184.0,0.0
mcap,1789063096297,1789063096231,984,38.954868772,-77.148450481,38.954867909,-77.14844926,0.158,-17.566,0.1058,-0.0958,0.1427,1.054,186.0,185.9875030517578,-0.0125
mcap,1789063096397,1789063096330,984,38.954868772,-77.148450481,38.954867909,-77.14844926,0.158,-17.566,0.1058,-0.0958,0.1427,1.054,186.0,185.9875030517578,-0.0125
mcap,1789063096498,1789063096429,984,38.954868772,-77.148450481,38.954867909,-77.14844926,0.158,-17.566,0.1058,-0.0958,0.1427,0.702,187.0,186.9875030517578,-0.0125
mcap,1789063096598,1789063096530,984,38.954868772,-77.148450481,38.954867909,-77.14844926,0.158,-17.566,0.1058,-0.0958,0.1427,0.351,190.0,190.0,0.0
mcap,1789063096698,1789063096632,984,38.954868772,-77.148450481,38.954867909,-77.14844926,0.158,-17.566,0.1058,-0.0958,0.1427,0.0,0.0,0.0,
mcap,1789063096798,1789063096733,984,38.954868772,-77.148450481,38.954867909,-77.14844926,0.158,-17.566,0.1058,-0.0958,0.1427,0.0,0.0,0.0,
mcap,1789063096898,1789063096833,984,38.954867135,-77.148451005,38.954867009,-77.148450414,0.112,-17.747,0.0513,-0.014,0.0532,0.375,194.0,194.0,0.0
mcap,1789063096998,1789063096933,984,38.954863821,-77.148450958,38.954863406,-77.148450414,0.116,-18.115,0.0472,-0.0461,0.066,1.111,187.0,186.9875030517578,-0.0125
mcap,1789063097098,1789063097033,984,38.954862117,-77.148450934,38.954861604,-77.148450414,0.118,-18.304,0.0451,-0.0569,0.0726,1.489,185.0,185.0,0.0
mcap,1789063097198,1789063097132,984,38.954860352,-77.148451483,38.954859802,-77.148450414,0.071,-18.5,0.0927,-0.061,0.111,1.892,185.0,185.0,0.0
mcap,1789063097398,1789063097332,984,38.954854932,-77.148451423,38.954854398,-77.148450414,0.076,-19.102,0.0875,-0.0593,0.1057,2.721,184.0,184.0,0.0
mcap,1789063097498,1789063097432,984,38.954851135,-77.148451381,38.954850794,-77.148450414,0.08,-19.524,0.0839,-0.0379,0.092,2.828,184.0,184.0,0.0
mcap,1789063097599,1789063097531,984,38.954847182,-77.148451338,38.95484629,-77.148450414,0.083,-19.962,0.0801,-0.099,0.1273,3.327,183.0,183.0,-0.0
mcap,1789063097699,1789063097633,984,38.954845143,-77.148451315,38.954844489,-77.148450414,0.085,-20.189,0.0781,-0.0726,0.1067,3.377,183.0,183.0,-0.0
mcap,1789063097800,1789063097733,984,38.954845143,-77.148451315,38.954844489,-77.148450414,0.085,-20.189,0.0781,-0.0726,0.1067,2.984,183.0,183.0,-0.0
mcap,1789063097900,1789063097834,984,38.954843061,-77.148451292,38.954842687,-77.148450414,0.087,-20.42,0.0762,-0.0415,0.0867,2.636,182.0,182.0,-0.0
mcap,1789063098001,1789063097933,984,38.954840935,-77.148451269,38.954840886,-77.148450414,0.089,-20.656,0.0741,-0.0054,0.0743,2.265,182.0,182.0,-0.0
