session,run,condition,dwell_sec,window_start,window_end,window_duration_sec,topics,map_active_periods,map_rate_hz,map_messages,map_passed,spat_active_periods,spat_rate_hz,spat_messages,spat_passed,mom_active_periods,mom_rate_hz,mom_messages,mom_passed,bsm_active_periods,bsm_rate_hz,bsm_messages,bsm_passed,bsm_sent_by_platform,bsm_on_radio,bsm_shortfall,sdsm_on_radio,passed,summary,measured,sdsm_active_periods,sdsm_rate_hz,sdsm_messages,sdsm_passed
20260917,pl-01_run1,pl-01,0,2026-09-17 14:22:35.006,2026-09-17 14:23:27.137,52.132,"MAP,SPAT,MOM,BSM",0,0.978,51,True,0,9.917,517,True,2,1.06,35,True,0,9.994,521,True,521,521,0,0,True,MAP=0.978Hz  SPAT=9.917Hz  MOM=1.06Hz  BSM=9.994Hz,always-on,,,,
20260917,pl-01_run2,pl-01,0,2026-09-17 14:27:00.672,2026-09-17 14:28:22.696,82.024,"MAP,SPAT,MOM,BSM",0,0.988,81,True,0,9.997,820,True,5,1.055,59,True,0,9.997,820,True,820,820,0,0,True,MAP=0.988Hz  SPAT=9.997Hz  MOM=1.055Hz  BSM=9.997Hz,always-on,,,,
20260917,pl-01_run3,pl-01,0,2026-09-17 14:31:35.791,2026-09-17 14:32:35.576,59.785,"MAP,SPAT,MOM,BSM",0,1.004,60,True,0,9.986,597,True,4,1.049,42,True,0,10.002,598,True,598,598,0,0,True,MAP=1.004Hz  SPAT=9.986Hz  MOM=1.049Hz  BSM=10.002Hz,always-on,,,,
20260914_verification_test,5sec_run1,5sec,5,2026-09-14 14:52:21.689,2026-09-14 14:52:54.294,32.605,SDSM,,,,,,,,,,,,,,,,,,,,,True,SDSM=9.834Hz,sdsm,1,9.834,58,True
20260914_verification_test,5sec_run2,5sec,5,2026-09-14 14:56:27.642,2026-09-14 14:57:01.043,33.4,SDSM,,,,,,,,,,,,,,,,,,,,,True,SDSM=9.774Hz,sdsm,1,9.774,45,True
20260914_verification_test,5sec_run3,5sec,5,2026-09-14 14:59:37.093,2026-09-14 15:00:13.712,36.62,SDSM,,,,,,,,,,,,,,,,,,,,,True,SDSM=9.99Hz,sdsm,1,9.99,79,True
20260914_verification_test,5sec_run4,5sec,5,2026-09-14 15:03:48.805,2026-09-14 15:04:17.317,28.512,SDSM,,,,,,,,,,,,,,,,,,,,,True,SDSM=9.806Hz,sdsm,1,9.806,52,True
20260914_verification_test,5sec_run5,5sec,5,2026-09-14 15:08:16.266,2026-09-14 15:08:47.678,31.411,SDSM,,,,,,,,,,,,,,,,,,,,,True,SDSM=9.99Hz,sdsm,1,9.99,59,True
20260914_verification_test,10sec_run1,10sec,10,2026-09-14 15:14:25.982,2026-09-14 15:15:00.183,34.201,SDSM,,,,,,,,,,,,,,,,,,,,,True,SDSM=9.989Hz,sdsm,1,9.989,91,True
20260914_verification_test,10sec_run2,10sec,10,2026-09-14 15:22:14.773,2026-09-14 15:22:46.671,31.897,SDSM,,,,,,,,,,,,,,,,,,,,,True,SDSM=9.883Hz,sdsm,1,9.883,94,True
20260914_verification_test,10sec_run3,10sec,10,2026-09-14 15:27:50.456,2026-09-14 15:28:26.566,36.11,SDSM,,,,,,,,,,,,,,,,,,,,,True,SDSM=9.809Hz,sdsm,1,9.809,105,True
20260914_verification_test,10sec_run4,10sec,10,2026-09-14 15:32:49.913,2026-09-14 15:33:22.918,33.005,SDSM,,,,,,,,,,,,,,,,,,,,,True,SDSM=9.904Hz,sdsm,1,9.904,117,True
20260914_verification_test,10sec_run5,10sec,10,2026-09-14 15:37:16.174,2026-09-14 15:37:50.786,34.612,SDSM,,,,,,,,,,,,,,,,,,,,,True,SDSM=9.991Hz,sdsm,1,9.991,101,True
20260914_verification_test,15sec_run1,15sec,15,2026-09-14 15:41:22.465,2026-09-14 15:41:57.962,35.497,SDSM,,,,,,,,,,,,,,,,,,,,,True,SDSM=9.852Hz,sdsm,1,9.852,146,True
20260914_verification_test,15sec_run2,15sec,15,2026-09-14 15:45:44.100,2026-09-14 15:46:23.403,39.303,SDSM,,,,,,,,,,,,,,,,,,,,,True,SDSM=9.99Hz,sdsm,1,9.99,138,True
20260914_verification_test,15sec_run3,15sec,15,2026-09-14 15:49:01.369,2026-09-14 15:49:39.007,37.637,SDSM,,,,,,,,,,,,,,,,,,,,,True,SDSM=9.586Hz,sdsm,1,9.586,142,True
20260914_verification_test,15sec_run4,15sec,15,2026-09-14 15:53:42.485,2026-09-14 15:54:18.474,35.989,SDSM,,,,,,,,,,,,,,,,,,,,,True,SDSM=9.989Hz,sdsm,1,9.989,127,True
20260914_verification_test,15sec_run5,15sec,15,2026-09-14 15:58:45.441,2026-09-14 15:59:19.047,33.606,SDSM,,,,,,,,,,,,,,,,,,,,,True,SDSM=9.914Hz,sdsm,1,9.914,133,True
20260915_verification_test,20sec_run1,20sec,20,2026-09-15 13:22:40.765,2026-09-15 13:23:12.380,31.615,SDSM,,,,,,,,,,,,,,,,,,,,,True,SDSM=9.94Hz,sdsm,1,9.94,196,True
20260915_verification_test,20sec_run2,20sec,20,2026-09-15 13:28:06.242,2026-09-15 13:28:43.347,37.104,SDSM,,,,,,,,,,,,,,,,,,,,,True,SDSM=9.939Hz,sdsm,1,9.939,193,True
20260915_verification_test,20sec_run3,20sec,20,2026-09-15 13:36:19.941,2026-09-15 13:36:59.560,39.619,SDSM,,,,,,,,,,,,,,,,,,,,,True,SDSM=9.891Hz,sdsm,1,9.891,199,True
20260915_verification_test,20sec_run4,20sec,20,2026-09-15 13:41:53.793,2026-09-15 13:42:36.099,42.306,SDSM,,,,,,,,,,,,,,,,,,,,,True,SDSM=9.989Hz,sdsm,1,9.989,198,True
20260915_verification_test,20sec_run5,20sec,20,2026-09-15 13:45:16.698,2026-09-15 13:45:55.702,39.004,SDSM,,,,,,,,,,,,,,,,,,,,,True,SDSM=9.657Hz,sdsm,1,9.657,203,True
20260915_verification_test,20sec_run6,20sec,20,2026-09-15 13:49:59.107,2026-09-15 13:50:43.916,44.808,SDSM,,,,,,,,,,,,,,,,,,,,,True,SDSM=9.893Hz,sdsm,1,9.893,207,True
20260915_verification_test,20sec_run7,20sec,20,2026-09-15 13:53:22.956,2026-09-15 13:53:58.716,35.76,SDSM,,,,,,,,,,,,,,,,,,,,,True,SDSM=8.809Hz,sdsm,2,8.809,179,True
20260915_verification_test,20sec_run8,20sec,20,2026-09-15 13:59:59.180,2026-09-15 14:00:38.537,39.356,SDSM,,,,,,,,,,,,,,,,,,,,,True,SDSM=9.989Hz,sdsm,1,9.989,200,True
20260915_verification_test,20sec_run9,20sec,20,2026-09-15 14:10:01.103,2026-09-15 14:10:41.140,40.037,SDSM,,,,,,,,,,,,,,,,,,,,,True,SDSM=9.889Hz,sdsm,1,9.889,196,True
20260915_verification_test,20sec_run10,20sec,20,2026-09-15 14:17:42.348,2026-09-15 14:18:25.146,42.798,SDSM,,,,,,,,,,,,,,,,,,,,,True,SDSM=8.987Hz,sdsm,1,8.987,188,True
20260915_verification_test,20sec_run11,20sec,20,2026-09-15 14:21:51.746,2026-09-15 14:22:24.552,32.806,SDSM,,,,,,,,,,,,,,,,,,,,,True,SDSM=8.869Hz,sdsm,2,8.869,190,True
20260915_verification_test,20sec_run12,20sec,20,2026-09-15 14:26:06.493,2026-09-15 14:26:49.294,42.801,SDSM,,,,,,,,,,,,,,,,,,,,,True,SDSM=9.943Hz,sdsm,1,9.943,214,True
20260915_verification_test,20sec_run13,20sec,20,2026-09-15 14:31:54.836,2026-09-15 14:32:38.048,43.212,SDSM,,,,,,,,,,,,,,,,,,,,,True,SDSM=9.94Hz,sdsm,2,9.94,195,True
20260915_verification_test,20sec_run14,20sec,20,2026-09-15 14:35:38.057,2026-09-15 14:36:22.062,44.005,SDSM,,,,,,,,,,,,,,,,,,,,,True,SDSM=9.845Hz,sdsm,1,9.845,205,True
20260915_verification_test,20sec_run15,20sec,20,2026-09-15 14:40:34.844,2026-09-15 14:41:19.937,45.093,SDSM,,,,,,,,,,,,,,,,,,,,,True,SDSM=9.722Hz,sdsm,1,9.722,218,True
